BRANCH_CODE,CREDIT_CARD_NO,CUST_SSN,DAY,MONTH,TRANSACTION_ID,TRANSACTION_TYPE,TRANSACTION_VALUE,YEAR
180,4210653342242023,123451310,15,3,45069,Bills,77.79,2018
107,4210653342242023,123451310,19,4,45070,Healthcare,20.47,2018
58,4210653342242023,123451310,28,6,45071,Healthcare,1.61,2018
85,4210653342242023,123451310,6,3,45072,Gas,73.86,2018
123,4210653342242023,123451310,16,8,45073,Healthcare,28.4,2018
124,4210653342242023,123451310,1,12,45074,Education,55.39,2018
30,4210653342242023,123451310,18,6,45075,Gas,22.99,2018
36,4210653342242023,123451310,9,1,45076,Test,92.83,2018
25,4210653342242023,123451310,21,9,45077,Healthcare,50.21,2018
158,4210653342242023,123451310,8,1,45078,Healthcare,55.67,2018
79,4210653342242023,123451310,2,5,45079,Test,26.27,2018
43,4210653342242023,123451310,23,1,45080,Bills,95.51,2018
15,4210653342242023,123451310,5,8,45081,Test,96.35,2018
109,4210653342242023,123451310,6,8,45082,Entertainment,47.19,2018
89,4210653342242023,123451310,10,12,45083,Healthcare,55.99,2018
135,4210653342242023,123451310,28,7,45084,Healthcare,63.77,2018
66,4210653342242023,123451310,23,11,45085,Bills,87.71,2018
178,4210653342242023,123451310,17,2,45086,Entertainment,66.19,2018
90,4210653342242023,123451310,15,1,45087,Gas,63.93,2018
19,4210653342242023,123451310,4,11,45088,Gas,28.43,2018
164,4210653342242023,123451310,9,4,45089,Gas,32.22,2018
173,4210653342242023,123451310,21,2,45090,Gas,38.44,2018
21,4210653398155235,123451303,26,3,45091,Entertainment,96.1,2018
145,4210653398155235,123451303,28,4,45092,Test,97.01,2018
126,4210653398155235,123451303,10,5,45093,Entertainment,9.06,2018
60,4210653398155235,123451303,6,7,45094,Test,29.94,2018
31,4210653398155235,123451303,21,2,45095,Bills,19.36,2018
36,4210653398155235,123451303,12,4,45096,Education,62.57,2018
119,4210653398155235,123451303,18,3,45097,Gas,29.14,2018
45,4210653398155235,123451303,13,6,45098,Entertainment,79.12,2018
5,4210653398155235,123451303,23,9,45099,Healthcare,59.72,2018
75,4210653398155235,123451303,4,7,45100,Entertainment,82.94,2018
90,4210653398155235,123451303,19,8,45101,Grocery,51.86,2018
126,4210653398155235,123451303,19,7,45102,Bills,35.86,2018
95,4210653398155235,123451303,3,4,45103,Bills,36.56,2018
73,4210653398155235,123451303,28,7,45104,Entertainment,59.33,2018
173,4210653398155235,123451303,14,7,45105,Entertainment,8.48,2018
121,4210653398155235,123451303,15,2,45106,Healthcare,26.03,2018
15,4210653398155235,123451303,25,5,45107,Grocery,79.48,2018
38,4210653398155235,123451303,9,11,45108,Gas,86.18,2018
144,4210653398155235,123451303,13,2,45109,Education,81.83,2018
11,4210653398155235,123451303,20,12,45110,Healthcare,15.26,2018
158,4210653398155235,123451303,23,1,45111,Entertainment,82.71,2018
107,4210653398155235,123451303,13,4,45112,Education,52.66,2018
111,4210653398155235,123451303,21,12,45113,Healthcare,31.89,2018
21,4210653398155235,123451303,25,10,45114,Gas,90.96,2018
74,4210653398155235,123451303,18,3,45115,Healthcare,83.09,2018
81,4210653398155235,123451303,15,10,45116,Bills,81.09,2018
19,4210653398155235,123451303,16,3,45117,Healthcare,38.2,2018
29,4210653398155235,123451303,9,2,45118,Test,66.37,2018
67,4210653398155235,123451303,8,10,45119,Education,57.46,2018
20,4210653398155235,123451303,22,4,45120,Gas,3.52,2018
46,4210653398155235,123451303,20,6,45121,Healthcare,55.34,2018
91,4210653398155235,123451303,7,10,45122,Healthcare,24.49,2018
39,4210653398155235,123451303,27,12,45123,Bills,64.29,2018
74,4210653398155235,123451303,6,2,45124,Bills,91.84,2018
131,4210653398155235,123451303,6,3,45125,Healthcare,55.82,2018
45,4210653398155235,123451303,4,5,45126,Grocery,58.97,2018
50,4210653398155235,123451303,26,1,45127,Gas,17.52,2018
26,4210653398155235,123451303,11,7,45128,Entertainment,20.14,2018
170,4210653398155235,123451303,20,9,45129,Grocery,92.46,2018
100,4210653398155235,123451303,14,11,45130,Entertainment,44.5,2018
107,4210653398155235,123451303,5,8,45131,Bills,6.73,2018
149,4210653398155235,123451303,1,3,45132,Test,81.77,2018
3,4210653398155235,123451303,16,11,45133,Gas,46.69,2018
135,4210653398155235,123451303,11,10,45134,Grocery,87.8,2018
117,4210653398155235,123451303,18,11,45135,Healthcare,49.39,2018
59,4210653398155235,123451303,28,2,45136,Bills,52.14,2018
8,4210653397435570,123451300,8,3,45137,Grocery,18.33,2018
28,4210653397435570,123451300,17,5,45138,Healthcare,64.2,2018
175,4210653397435570,123451300,16,1,45139,Bills,67.76,2018
36,4210653397435570,123451300,7,6,45140,Healthcare,43.07,2018
23,4210653397435570,123451300,8,7,45141,Healthcare,60.92,2018
36,4210653397435570,123451300,21,2,45142,Healthcare,83.92,2018
15,4210653397435570,123451300,16,12,45143,Gas,32.88,2018
81,4210653397435570,123451300,25,1,45144,Test,29.87,2018
156,4210653397435570,123451300,8,4,45145,Entertainment,49.15,2018
175,4210653397435570,123451300,14,2,45146,Gas,12.09,2018
125,4210653397435570,123451300,4,11,45147,Bills,7.72,2018
115,4210653397435570,123451300,22,9,45148,Education,62.84,2018
16,4210653397435570,123451300,21,12,45149,Grocery,14.89,2018
104,4210653397435570,123451300,4,2,45150,Entertainment,75.41,2018
81,4210653397435570,123451300,1,2,45151,Test,96.0,2018
54,4210653397435570,123451300,23,4,45152,Gas,43.5,2018
57,4210653397435570,123451300,22,9,45153,Entertainment,52.47,2018
24,4210653397435570,123451300,25,7,45154,Healthcare,42.23,2018
9,4210653397435570,123451300,11,3,45155,Education,38.02,2018
7,4210653397435570,123451300,16,8,45156,Education,37.27,2018
72,4210653397435570,123451300,2,9,45157,Entertainment,42.42,2018
95,4210653397435570,123451300,5,1,45158,Entertainment,91.85,2018
158,4210653397435570,123451300,5,11,45159,Entertainment,41.85,2018
139,4210653397435570,123451300,24,8,45160,Entertainment,40.95,2018
114,4210653397435570,123451300,9,7,45161,Grocery,65.3,2018
123,4210653397435570,123451300,20,2,45162,Bills,75.1,2018
105,4210653397435570,123451300,18,4,45163,Entertainment,31.54,2018
28,4210653397435570,123451300,14,2,45164,Gas,3.81,2018
80,4210653397435570,123451300,19,4,45165,Healthcare,62.93,2018
44,4210653397435570,123451300,26,5,45166,Healthcare,59.58,2018
114,4210653397435570,123451300,22,6,45167,Grocery,39.79,2018
17,4210653397435570,123451300,25,6,45168,Test,44.01,2018
51,4210653397435570,123451300,22,3,45169,Test,73.34,2018
80,4210653397435570,123451300,3,5,45170,Healthcare,73.74,2018
60,4210653397435570,123451300,27,3,45171,Bills,15.42,2018
76,4210653397435570,123451300,2,11,45172,Test,89.07,2018
36,4210653397435570,123451300,4,7,45173,Healthcare,3.97,2018
125,4210653397435570,123451300,26,6,45174,Test,16.97,2018
9,4210653397435570,123451300,11,11,45175,Education,70.2,2018
131,4210653397435570,123451300,7,12,45176,Entertainment,25.95,2018
178,4210653397435570,123451300,20,5,45177,Grocery,66.92,2018
23,4210653397435570,123451300,17,5,45178,Education,48.35,2018
11,4210653397435570,123451300,20,9,45179,Education,6.56,2018
80,4210653397435570,123451300,21,3,45180,Healthcare,34.31,2018
38,4210653397435570,123451300,23,3,45181,Test,15.41,2018
46,4210653397435570,123451300,24,12,45182,Bills,15.54,2018
58,4210653397435570,123451300,9,5,45183,Entertainment,20.28,2018
145,4210653397435570,123451300,14,8,45184,Gas,7.88,2018
121,4210653397435570,123451300,22,12,45185,Bills,24.99,2018
164,4210653397435570,123451300,15,6,45186,Healthcare,25.19,2018
31,4210653397435570,123451300,25,5,45187,Grocery,19.31,2018
105,4210653397435570,123451300,13,12,45188,Healthcare,78.4,2018
53,4210653397435570,123451300,5,10,45189,Bills,35.96,2018
178,4210653397435570,123451300,17,11,45190,Entertainment,1.23,2018
70,4210653397435570,123451300,4,7,45191,Bills,93.14,2018
40,4210653397435570,123451300,13,4,45192,Education,16.9,2018
105,4210653397435570,123451300,6,1,45193,Education,85.64,2018
158,4210653397435570,123451300,28,1,45194,Gas,38.22,2018
26,4210653397435570,123451300,18,2,45195,Gas,86.87,2018
21,4210653397435570,123451300,10,12,45196,Bills,74.88,2018
3,4210653397435570,123451300,25,11,45197,Education,86.94,2018
115,4210653397435570,123451300,6,4,45198,Education,52.55,2018
46,4210653397435570,123451300,27,2,45199,Test,78.6,2018
12,4210653397435570,123451300,7,12,45200,Gas,22.2,2018
51,4210653397435570,123451300,16,12,45201,Test,66.58,2018
123,4210653397435570,123451300,17,12,45202,Healthcare,23.01,2018
105,4210653397435570,123451300,6,9,45203,Healthcare,49.05,2018
31,4210653397435570,123451300,8,2,45204,Grocery,36.96,2018
58,4210653397435570,123451300,10,3,45205,Gas,30.83,2018
2,4210653397435570,123451300,4,8,45206,Grocery,66.82,2018
156,4210653397435570,123451300,14,8,45207,Bills,30.74,2018
23,4210653397435570,123451300,23,7,45208,Gas,33.65,2018
39,4210653397435570,123451300,13,12,45209,Entertainment,30.05,2018
39,4210653397435570,123451300,13,9,45210,Gas,97.47,2018
8,4210653397435570,123451300,5,12,45211,Bills,87.86,2018
14,4210653328549626,123451239,22,11,45212,Bills,63.09,2018
59,4210653328549626,123451239,11,12,45213,Entertainment,51.58,2018
178,4210653328549626,123451239,6,8,45214,Bills,52.73,2018
131,4210653328549626,123451239,24,7,45215,Bills,48.25,2018
27,4210653328549626,123451239,13,6,45216,Bills,29.82,2018
125,4210653328549626,123451239,8,6,45217,Gas,73.79,2018
67,4210653328549626,123451239,10,5,45218,Bills,96.84,2018
166,4210653328549626,123451239,12,8,45219,Education,3.36,2018
104,4210653328549626,123451239,8,1,45220,Gas,33.33,2018
42,4210653328549626,123451239,22,4,45221,Bills,29.53,2018
54,4210653328549626,123451239,21,7,45222,Grocery,84.49,2018
52,4210653328549626,123451239,5,9,45223,Test,44.51,2018
25,4210653328549626,123451239,8,4,45224,Bills,20.62,2018
107,4210653328549626,123451239,19,4,45225,Education,17.25,2018
11,4210653328549626,123451239,8,2,45226,Healthcare,99.05,2018
24,4210653328549626,123451239,7,12,45227,Bills,80.53,2018
11,4210653328549626,123451239,2,2,45228,Entertainment,5.25,2018
158,4210653328549626,123451239,27,10,45229,Grocery,33.35,2018
54,4210653328549626,123451239,19,10,45230,Test,38.03,2018
32,4210653328549626,123451239,5,8,45231,Test,33.25,2018
109,4210653328549626,123451239,16,6,45232,Entertainment,35.93,2018
149,4210653328549626,123451239,3,1,45233,Test,60.67,2018
156,4210653328549626,123451239,13,1,45234,Bills,87.07,2018
8,4210653328549626,123451239,17,7,45235,Entertainment,19.82,2018
149,4210653328549626,123451239,3,2,45236,Gas,100.95,2018
105,4210653328549626,123451239,3,7,45237,Grocery,60.38,2018
69,4210653328549626,123451239,1,11,45238,Bills,88.09,2018
149,4210653328549626,123451239,18,5,45239,Healthcare,56.59,2018
19,4210653328549626,123451239,9,5,45240,Grocery,29.31,2018
42,4210653328549626,123451239,28,6,45241,Test,43.04,2018
85,4210653328549626,123451239,20,4,45242,Entertainment,55.99,2018
59,4210653328549626,123451239,24,12,45243,Test,57.29,2018
111,4210653328549626,123451239,27,4,45244,Test,60.45,2018
111,4210653328549626,123451239,24,1,45245,Bills,21.75,2018
39,4210653328549626,123451239,21,11,45246,Entertainment,53.11,2018
21,4210653352364608,123451215,25,12,45247,Bills,58.46,2018
12,4210653352364608,123451215,22,7,45248,Healthcare,58.51,2018
32,4210653352364608,123451215,28,3,45249,Entertainment,61.99,2018
126,4210653352364608,123451215,5,7,45250,Grocery,31.6,2018
10,4210653352364608,123451215,11,5,45251,Education,76.89,2018
24,4210653352364608,123451215,6,12,45252,Grocery,1.75,2018
57,4210653352364608,123451215,14,11,45253,Entertainment,51.68,2018
53,4210653352364608,123451215,15,11,45254,Test,23.88,2018
39,4210653352364608,123451215,9,1,45255,Education,27.64,2018
103,4210653352364608,123451215,1,7,45256,Entertainment,76.45,2018
40,4210653352364608,123451215,25,2,45257,Test,5.46,2018
99,4210653352364608,123451215,7,1,45258,Healthcare,30.99,2018
85,4210653352364608,123451215,14,12,45259,Bills,75.38,2018
166,4210653352364608,123451215,11,5,45260,Healthcare,18.88,2018
180,4210653352364608,123451215,15,5,45261,Healthcare,94.2,2018
121,4210653352364608,123451215,10,4,45262,Bills,70.41,2018
66,4210653352364608,123451215,11,12,45263,Bills,16.49,2018
25,4210653352364608,123451215,5,5,45264,Entertainment,34.19,2018
31,4210653352364608,123451215,22,7,45265,Grocery,1.35,2018
121,4210653352364608,123451215,18,1,45266,Healthcare,82.55,2018
2,4210653352364608,123451215,18,11,45267,Bills,60.18,2018
119,4210653352364608,123451215,12,9,45268,Gas,75.15,2018
109,4210653352364608,123451215,7,5,45269,Gas,63.84,2018
53,4210653352364608,123451215,16,12,45270,Healthcare,55.92,2018
48,4210653352364608,123451215,19,3,45271,Healthcare,54.5,2018
173,4210653352364608,123451215,26,6,45272,Bills,99.9,2018
121,4210653352364608,123451215,18,5,45273,Test,42.82,2018
83,4210653352364608,123451215,14,10,45274,Education,72.99,2018
149,4210653352364608,123451215,6,10,45275,Bills,29.1,2018
99,4210653352364608,123451215,1,5,45276,Gas,32.11,2018
90,4210653352364608,123451215,2,7,45277,Test,98.14,2018
56,4210653352364608,123451215,28,4,45278,Entertainment,82.06,2018
14,4210653352364608,123451215,19,7,45279,Gas,57.88,2018
3,4210653352364608,123451215,6,4,45280,Education,63.26,2018
89,4210653352364608,123451215,1,2,45281,Test,33.84,2018
91,4210653352364608,123451215,10,9,45282,Grocery,14.0,2018
75,4210653352364608,123451215,3,1,45283,Gas,84.62,2018
173,4210653352364608,123451215,2,10,45284,Gas,71.64,2018
28,4210653352364608,123451215,27,7,45285,Grocery,53.54,2018
25,4210653352364608,123451215,8,2,45286,Entertainment,41.32,2018
23,4210653352364608,123451215,5,8,45287,Grocery,95.0,2018
52,4210653352364608,123451215,9,10,45288,Grocery,66.89,2018
69,4210653352364608,123451215,8,8,45289,Bills,54.35,2018
48,4210653352364608,123451215,8,6,45290,Gas,99.05,2018
4,4210653352364608,123451215,19,1,45291,Education,33.18,2018
125,4210653352364608,123451215,25,10,45292,Education,45.12,2018
79,4210653352364608,123451215,9,4,45293,Entertainment,17.12,2018
7,4210653352364608,123451215,23,4,45294,Healthcare,96.14,2018
63,4210653352364608,123451215,15,10,45295,Grocery,29.54,2018
39,4210653352364608,123451215,3,10,45296,Entertainment,8.3,2018
124,4210653352364608,123451215,19,4,45297,Entertainment,89.92,2018
21,4210653352364608,123451215,22,11,45298,Healthcare,64.13,2018
42,4210653352364608,123451215,28,12,45299,Education,12.87,2018
38,4210653352364608,123451215,22,4,45300,Entertainment,73.47,2018
85,4210653352364608,123451215,17,1,45301,Grocery,14.56,2018
4,4210653352364608,123451215,1,12,45302,Grocery,42.31,2018
44,4210653352364608,123451215,13,2,45303,Entertainment,82.58,2018
30,4210653352364608,123451215,25,5,45304,Entertainment,88.73,2018
11,4210653352364608,123451215,2,3,45305,Education,92.2,2018
30,4210653352364608,123451215,19,1,45306,Education,87.29,2018
76,4210653352364608,123451215,26,1,45307,Gas,25.35,2018
76,4210653352364608,123451215,3,2,45308,Bills,41.31,2018
166,4210653352364608,123451215,26,4,45309,Education,50.31,2018
119,4210653352364608,123451215,1,11,45310,Gas,84.02,2018
77,4210653352364608,123451215,28,3,45311,Entertainment,51.25,2018
131,4210653352364608,123451215,23,12,45312,Gas,38.9,2018
36,4210653352364608,123451215,25,2,45313,Education,3.12,2018
54,4210653352364608,123451215,26,11,45314,Gas,92.54,2018
75,4210653352364608,123451215,23,4,45315,Gas,10.2,2018
24,4210653352364608,123451215,26,8,45316,Gas,20.29,2018
51,4210653352364608,123451215,15,6,45317,Gas,18.97,2018
24,4210653352364608,123451215,2,6,45318,Gas,81.93,2018
1,4210653352364608,123451215,2,8,45319,Bills,1.68,2018
70,4210653352364608,123451215,22,8,45320,Education,70.4,2018
168,4210653352364608,123451215,17,4,45321,Entertainment,54.33,2018
16,4210653352364608,123451215,28,9,45322,Bills,100.28,2018
47,4210653352364608,123451215,17,10,45323,Grocery,57.12,2018
52,4210653352364608,123451215,7,2,45324,Education,69.31,2018
103,4210653352364608,123451215,15,7,45325,Test,58.45,2018
26,4210653352364608,123451215,9,2,45326,Education,12.78,2018
105,4210653352364608,123451215,5,7,45327,Grocery,12.59,2018
44,4210653352364608,123451215,5,2,45328,Healthcare,20.81,2018
119,4210653352364608,123451215,15,1,45329,Gas,83.86,2018
59,4210653352364608,123451215,24,2,45330,Gas,16.77,2018
144,4210653352364608,123451215,27,6,45331,Bills,59.73,2018
170,4210653352364608,123451215,28,4,45332,Healthcare,11.68,2018
12,4210653352364608,123451215,7,12,45333,Healthcare,2.02,2018
32,4210653391209623,123451203,20,1,45334,Bills,15.53,2018
121,4210653391209623,123451203,16,10,45335,Entertainment,11.8,2018
78,4210653391209623,123451203,13,2,45336,Healthcare,10.85,2018
58,4210653391209623,123451203,13,9,45337,Grocery,70.95,2018
48,4210653391209623,123451203,13,12,45338,Entertainment,25.9,2018
79,4210653391209623,123451203,6,4,45339,Entertainment,20.53,2018
63,4210653391209623,123451203,1,12,45340,Test,81.05,2018
50,4210653391209623,123451203,14,4,45341,Gas,79.12,2018
15,4210653391209623,123451203,17,6,45342,Bills,47.5,2018
80,4210653391209623,123451203,2,1,45343,Entertainment,16.59,2018
8,4210653391209623,123451203,17,9,45344,Bills,56.54,2018
29,4210653391209623,123451203,24,2,45345,Gas,6.39,2018
99,4210653391209623,123451203,16,2,45346,Healthcare,6.07,2018
89,4210653391209623,123451203,22,3,45347,Test,89.75,2018
103,4210653391209623,123451203,23,9,45348,Education,21.66,2018
18,4210653391209623,123451203,20,5,45349,Gas,94.72,2018
93,4210653391209623,123451203,8,6,45350,Entertainment,9.73,2018
160,4210653391209623,123451203,16,11,45351,Gas,22.91,2018
45,4210653391209623,123451203,25,7,45352,Gas,23.86,2018
156,4210653391209623,123451203,27,1,45353,Grocery,56.89,2018
124,4210653391209623,123451203,16,1,45354,Test,21.6,2018
48,4210653391209623,123451203,6,3,45355,Bills,55.98,2018
60,4210653391209623,123451203,25,2,45356,Bills,96.35,2018
145,4210653391209623,123451203,20,2,45357,Healthcare,85.73,2018
50,4210653391209623,123451203,13,5,45358,Entertainment,60.9,2018
36,4210653391209623,123451203,8,5,45359,Entertainment,68.37,2018
10,4210653391209623,123451203,18,11,45360,Gas,13.19,2018
107,4210653391209623,123451203,9,9,45361,Grocery,91.37,2018
123,4210653391209623,123451203,4,11,45362,Gas,69.56,2018
46,4210653391209623,123451203,20,5,45363,Test,60.09,2018
79,4210653391209623,123451203,8,9,45364,Education,34.14,2018
136,4210653391209623,123451203,4,5,45365,Bills,33.18,2018
44,4210653391209623,123451203,23,11,45366,Healthcare,57.97,2018
115,4210653391209623,123451203,18,1,45367,Education,86.34,2018
2,4210653391209623,123451203,18,5,45368,Education,53.85,2018
9,4210653391209623,123451203,25,12,45369,Education,47.34,2018
37,4210653391209623,123451203,7,4,45370,Grocery,55.82,2018
8,4210653391209623,123451203,7,10,45371,Entertainment,91.88,2018
77,4210653391209623,123451203,13,5,45372,Bills,9.19,2018
115,4210653391209623,123451203,9,10,45373,Healthcare,78.33,2018
43,4210653391209623,123451203,28,3,45374,Gas,83.05,2018
24,4210653391209623,123451203,1,8,45375,Grocery,44.26,2018
29,4210653391209623,123451203,12,5,45376,Test,47.09,2018
5,4210653391209623,123451203,13,2,45377,Entertainment,33.74,2018
15,4210653391209623,123451203,6,12,45378,Test,83.55,2018
70,4210653391209623,123451203,10,5,45379,Grocery,82.07,2018
83,4210653391209623,123451203,6,7,45380,Healthcare,77.27,2018
57,4210653391209623,123451203,5,4,45381,Gas,43.38,2018
99,4210653391209623,123451203,14,12,45382,Healthcare,53.22,2018
105,4210653391209623,123451203,27,11,45383,Gas,75.5,2018
26,4210653391209623,123451203,25,6,45384,Healthcare,85.06,2018
43,4210653391209623,123451203,7,4,45385,Entertainment,69.0,2018
121,4210653391209623,123451203,7,10,45386,Education,21.56,2018
28,4210653391209623,123451203,1,1,45387,Entertainment,5.68,2018
77,4210653391209623,123451203,1,9,45388,Entertainment,59.18,2018
156,4210653391209623,123451203,15,2,45389,Test,38.24,2018
121,4210653391209623,123451203,14,1,45390,Healthcare,34.36,2018
75,4210653391209623,123451203,1,12,45391,Healthcare,69.94,2018
35,4210653391209623,123451203,7,11,45392,Bills,80.73,2018
117,4210653391209623,123451203,19,8,45393,Healthcare,62.53,2018
109,4210653391209623,123451203,9,6,45394,Education,53.79,2018
37,4210653391209623,123451203,6,8,45395,Test,3.93,2018
31,4210653391209623,123451203,24,7,45396,Healthcare,79.18,2018
67,4210653391209623,123451203,13,7,45397,Entertainment,63.94,2018
45,4210653391209623,123451203,8,11,45398,Entertainment,10.91,2018
39,4210653391209623,123451203,26,7,45399,Grocery,44.02,2018
103,4210653391209623,123451203,17,9,45400,Gas,73.13,2018
79,4210653391209623,123451203,16,12,45401,Grocery,39.58,2018
11,4210653391209623,123451203,20,6,45402,Education,19.03,2018
109,4210653391209623,123451203,18,7,45403,Gas,21.1,2018
115,4210653391209623,123451203,5,1,45404,Test,92.75,2018
23,4210653391209623,123451203,18,3,45405,Healthcare,87.41,2018
117,4210653362677974,123451185,18,2,45406,Education,69.21,2018
73,4210653362677974,123451185,16,10,45407,Grocery,75.53,2018
74,4210653362677974,123451185,15,2,45408,Grocery,25.25,2018
117,4210653362677974,123451185,28,3,45409,Gas,89.64,2018
158,4210653362677974,123451185,25,7,45410,Bills,32.49,2018
81,4210653362677974,123451185,22,7,45411,Education,34.64,2018
118,4210653362677974,123451185,7,8,45412,Education,27.77,2018
111,4210653362677974,123451185,19,9,45413,Entertainment,70.84,2018
139,4210653362677974,123451185,4,10,45414,Grocery,23.28,2018
31,4210653362677974,123451185,22,4,45415,Education,37.45,2018
67,4210653362677974,123451185,21,7,45416,Test,92.61,2018
145,4210653362677974,123451185,17,7,45417,Healthcare,63.57,2018
28,4210653362677974,123451185,2,6,45418,Gas,42.38,2018
8,4210653362677974,123451185,24,6,45419,Education,32.67,2018
36,4210653362677974,123451185,2,1,45420,Gas,23.92,2018
83,4210653362677974,123451185,14,11,45421,Grocery,3.63,2018
160,4210653362677974,123451185,12,7,45422,Entertainment,37.67,2018
1,4210653362677974,123451185,12,5,45423,Bills,2.12,2018
45,4210653362677974,123451185,19,1,45424,Test,80.26,2018
32,4210653362677974,123451185,25,9,45425,Bills,6.89,2018
7,4210653362677974,123451185,19,5,45426,Test,92.71,2018
8,4210653362677974,123451185,21,2,45427,Grocery,36.53,2018
192,4210653362677974,123451185,2,11,45428,Test,88.95,2018
136,4210653362677974,123451185,1,8,45429,Gas,24.39,2018
119,4210653362677974,123451185,16,8,45430,Entertainment,18.98,2018
47,4210653362677974,123451185,16,2,45431,Grocery,16.76,2018
38,4210653362677974,123451185,21,10,45432,Entertainment,59.2,2018
89,4210653362677974,123451185,16,6,45433,Test,13.83,2018
30,4210653362677974,123451185,15,3,45434,Healthcare,78.33,2018
73,4210653362677974,123451185,4,8,45435,Test,49.7,2018
43,4210653362677974,123451185,23,2,45436,Bills,86.22,2018
149,4210653362677974,123451185,27,9,45437,Gas,75.32,2018
49,4210653362677974,123451185,6,7,45438,Education,46.69,2018
99,4210653362677974,123451185,1,4,45439,Entertainment,83.93,2018
160,4210653362677974,123451185,8,7,45440,Test,27.17,2018
46,4210653362677974,123451185,28,4,45441,Test,12.06,2018
35,4210653362677974,123451185,14,5,45442,Healthcare,34.79,2018
42,4210653362677974,123451185,4,7,45443,Healthcare,49.73,2018
19,4210653362677974,123451185,9,8,45444,Healthcare,9.4,2018
91,4210653380740678,123451180,28,5,45445,Grocery,57.98,2018
59,4210653380740678,123451180,7,4,45446,Gas,85.43,2018
38,4210653380740678,123451180,13,1,45447,Healthcare,15.65,2018
63,4210653380740678,123451180,22,3,45448,Bills,86.04,2018
4,4210653380740678,123451180,24,12,45449,Education,33.43,2018
75,4210653380740678,123451180,13,4,45450,Grocery,43.94,2018
178,4210653386082107,123451173,1,10,45451,Grocery,12.85,2018
47,4210653386082107,123451173,22,4,45452,Grocery,54.06,2018
19,4210653386082107,123451173,26,10,45453,Bills,19.33,2018
109,4210653386082107,123451173,23,9,45454,Test,69.91,2018
90,4210653386082107,123451173,9,11,45455,Gas,20.92,2018
30,4210653386082107,123451173,28,4,45456,Education,75.1,2018
77,4210653386082107,123451173,2,4,45457,Bills,46.23,2018
107,4210653386082107,123451173,17,1,45458,Education,24.48,2018
28,4210653386082107,123451173,21,1,45459,Test,35.55,2018
160,4210653386082107,123451173,3,5,45460,Gas,75.25,2018
8,4210653386082107,123451173,1,2,45461,Gas,30.09,2018
135,4210653386082107,123451173,1,7,45462,Education,29.75,2018
36,4210653386082107,123451173,4,9,45463,Healthcare,5.64,2018
104,4210653386082107,123451173,11,5,45464,Grocery,44.27,2018
135,4210653386082107,123451173,17,8,45465,Gas,28.11,2018
95,4210653386082107,123451173,8,6,45466,Test,85.59,2018
158,4210653386082107,123451173,11,6,45467,Education,11.97,2018
28,4210653386082107,123451173,7,7,45468,Gas,1.02,2018
69,4210653386082107,123451173,26,2,45469,Gas,78.45,2018
95,4210653386082107,123451173,5,2,45470,Bills,64.13,2018
63,4210653386082107,123451173,11,7,45471,Bills,48.6,2018
3,4210653386082107,123451173,28,2,45472,Bills,55.82,2018
178,4210653386082107,123451173,7,5,45473,Entertainment,56.86,2018
40,4210653386082107,123451173,21,1,45474,Entertainment,61.05,2018
38,4210653386082107,123451173,17,10,45475,Gas,75.09,2018
12,4210653386082107,123451173,5,8,45476,Healthcare,71.56,2018
63,4210653386082107,123451173,3,8,45477,Bills,50.59,2018
117,4210653386082107,123451173,27,5,45478,Healthcare,71.38,2018
73,4210653386082107,123451173,26,8,45479,Education,80.43,2018
75,4210653386082107,123451173,13,6,45480,Bills,47.66,2018
80,4210653386082107,123451173,26,11,45481,Healthcare,80.42,2018
2,4210653386082107,123451173,3,10,45482,Healthcare,38.56,2018
107,4210653386082107,123451173,8,12,45483,Test,14.86,2018
29,4210653386082107,123451173,7,4,45484,Grocery,56.87,2018
4,4210653386082107,123451173,21,11,45485,Test,30.74,2018
66,4210653386082107,123451173,8,5,45486,Grocery,20.89,2018
69,4210653386082107,123451173,16,11,45487,Entertainment,41.22,2018
118,4210653386082107,123451173,22,12,45488,Healthcare,49.67,2018
3,4210653386082107,123451173,26,7,45489,Education,5.56,2018
67,4210653386082107,123451173,6,7,45490,Bills,78.51,2018
192,4210653386082107,123451173,21,9,45491,Gas,28.6,2018
78,4210653386082107,123451173,7,8,45492,Bills,73.2,2018
20,4210653386082107,123451173,5,2,45493,Bills,85.74,2018
29,4210653386082107,123451173,10,6,45494,Grocery,75.63,2018
45,4210653386082107,123451173,13,6,45495,Test,21.1,2018
36,4210653386082107,123451173,8,5,45496,Test,81.46,2018
4,4210653386082107,123451173,6,7,45497,Healthcare,48.2,2018
123,4210653386082107,123451173,18,10,45498,Bills,40.45,2018
109,4210653386082107,123451173,25,5,45499,Gas,28.86,2018
135,4210653386082107,123451173,3,3,45500,Test,67.28,2018
66,4210653386082107,123451173,15,10,45501,Education,6.52,2018
144,4210653386082107,123451173,4,9,45502,Gas,35.85,2018
76,4210653386082107,123451173,10,2,45503,Healthcare,45.04,2018
29,4210653386082107,123451173,28,10,45504,Bills,77.48,2018
9,4210653386082107,123451173,10,2,45505,Healthcare,54.48,2018
124,4210653386082107,123451173,10,12,45506,Education,39.51,2018
46,4210653386082107,123451173,8,2,45507,Test,60.5,2018
136,4210653386082107,123451173,21,9,45508,Entertainment,5.53,2018
80,4210653386082107,123451173,9,10,45509,Bills,16.37,2018
77,4210653386082107,123451173,14,10,45510,Grocery,44.36,2018
135,4210653386082107,123451173,15,1,45511,Gas,87.2,2018
114,4210653386082107,123451173,21,4,45512,Education,78.38,2018
145,4210653386082107,123451173,23,10,45513,Grocery,41.71,2018
9,4210653386082107,123451173,1,2,45514,Healthcare,34.84,2018
31,4210653386082107,123451173,5,5,45515,Education,43.52,2018
104,4210653386082107,123451173,19,10,45516,Entertainment,56.98,2018
22,4210653386082107,123451173,5,11,45517,Gas,94.53,2018
19,4210653386082107,123451173,14,2,45518,Healthcare,38.79,2018
95,4210653386082107,123451173,4,8,45519,Grocery,64.74,2018
156,4210653386082107,123451173,15,9,45520,Gas,89.73,2018
26,4210653386082107,123451173,21,2,45521,Test,28.25,2018
23,4210653386082107,123451173,4,9,45522,Bills,91.71,2018
95,4210653386082107,123451173,19,10,45523,Test,59.45,2018
118,4210653386082107,123451173,9,2,45524,Bills,63.89,2018
56,4210653386082107,123451173,11,2,45525,Gas,24.0,2018
52,4210653386082107,123451173,8,3,45526,Entertainment,56.09,2018
188,4210653386082107,123451173,5,10,45527,Grocery,8.82,2018
121,4210653386082107,123451173,21,12,45528,Gas,51.24,2018
114,4210653386082107,123451173,23,10,45529,Education,80.19,2018
30,4210653386082107,123451173,5,12,45530,Education,91.44,2018
59,4210653386082107,123451173,10,11,45531,Healthcare,77.65,2018
160,4210653386082107,123451173,5,5,45532,Entertainment,16.34,2018
83,4210653386082107,123451173,11,7,45533,Bills,46.4,2018
104,4210653386082107,123451173,27,7,45534,Gas,43.59,2018
40,4210653386082107,123451173,19,3,45535,Gas,19.22,2018
28,4210653386082107,123451173,27,4,45536,Test,53.17,2018
119,4210653386082107,123451173,28,4,45537,Grocery,97.18,2018
100,4210653386082107,123451173,4,7,45538,Entertainment,18.88,2018
35,4210653386082107,123451173,2,11,45539,Grocery,48.83,2018
118,4210653386082107,123451173,28,4,45540,Education,3.67,2018
75,4210653386082107,123451173,23,8,45541,Test,15.35,2018
46,4210653386082107,123451173,16,4,45542,Healthcare,61.21,2018
50,4210653386082107,123451173,7,10,45543,Healthcare,68.54,2018
91,4210653386082107,123451173,21,9,45544,Education,84.9,2018
66,4210653386082107,123451173,16,7,45545,Gas,18.13,2018
58,4210653386082107,123451173,1,3,45546,Bills,80.53,2018
15,4210653386082107,123451173,24,1,45547,Education,60.53,2018
89,4210653386082107,123451173,8,1,45548,Test,24.39,2018
49,4210653375232564,123451170,19,11,45549,Education,83.78,2018
135,4210653375232564,123451170,8,1,45550,Education,4.54,2018
26,4210653375232564,123451170,17,8,45551,Bills,81.31,2018
1,4210653375232564,123451170,1,11,45552,Bills,33.19,2018
42,4210653375232564,123451170,17,7,45553,Test,93.17,2018
52,4210653375232564,123451170,9,9,45554,Test,36.59,2018
22,4210653375232564,123451170,4,10,45555,Healthcare,38.62,2018
37,4210653375232564,123451170,20,6,45556,Gas,47.39,2018
69,4210653375232564,123451170,2,4,45557,Grocery,54.42,2018
158,4210653375232564,123451170,22,3,45558,Gas,71.93,2018
36,4210653375232564,123451170,28,1,45559,Bills,18.71,2018
32,4210653375232564,123451170,21,12,45560,Test,93.91,2018
135,4210653375232564,123451170,24,7,45561,Education,99.62,2018
21,4210653375232564,123451170,24,10,45562,Gas,72.99,2018
81,4210653375232564,123451170,19,6,45563,Healthcare,50.1,2018
145,4210653375232564,123451170,5,10,45564,Education,1.02,2018
69,4210653375232564,123451170,20,5,45565,Education,28.55,2018
8,4210653375232564,123451170,25,9,45566,Entertainment,91.3,2018
25,4210653375232564,123451170,5,9,45567,Education,6.4,2018
7,4210653375232564,123451170,7,6,45568,Grocery,95.8,2018
83,4210653375232564,123451170,8,11,45569,Education,37.96,2018
46,4210653375232564,123451170,28,7,45570,Grocery,28.16,2018
23,4210653375232564,123451170,19,3,45571,Healthcare,7.24,2018
76,4210653375232564,123451170,16,12,45572,Gas,69.62,2018
9,4210653375232564,123451170,27,3,45573,Grocery,35.48,2018
53,4210653375232564,123451170,2,7,45574,Test,10.37,2018
8,4210653375232564,123451170,3,9,45575,Bills,31.96,2018
156,4210653375232564,123451170,7,6,45576,Bills,11.94,2018
19,4210653375232564,123451170,18,4,45577,Education,65.6,2018
136,4210653375232564,123451170,19,4,45578,Bills,29.96,2018
19,4210653375232564,123451170,19,2,45579,Education,75.22,2018
46,4210653375232564,123451170,15,7,45580,Healthcare,50.32,2018
9,4210653375232564,123451170,9,8,45581,Grocery,53.95,2018
54,4210653375232564,123451170,13,11,45582,Bills,95.08,2018
12,4210653375232564,123451170,10,6,45583,Healthcare,73.23,2018
99,4210653375232564,123451170,4,1,45584,Gas,65.75,2018
104,4210653375232564,123451170,22,6,45585,Bills,13.12,2018
164,4210653375232564,123451170,15,7,45586,Healthcare,7.01,2018
131,4210653375232564,123451170,27,9,45587,Education,37.29,2018
131,4210653367134037,123451164,28,8,45588,Healthcare,93.47,2018
125,4210653367134037,123451164,14,12,45589,Bills,81.97,2018
114,4210653367134037,123451164,15,4,45590,Healthcare,38.8,2018
114,4210653367134037,123451164,13,4,45591,Test,93.95,2018
90,4210653367134037,123451164,8,2,45592,Test,9.26,2018
75,4210653367134037,123451164,2,5,45593,Test,83.73,2018
63,4210653367134037,123451164,14,11,45594,Grocery,98.21,2018
11,4210653367134037,123451164,14,12,45595,Bills,28.8,2018
139,4210653367134037,123451164,13,5,45596,Bills,29.24,2018
50,4210653367134037,123451164,27,12,45597,Education,85.39,2018
35,4210653367134037,123451164,23,5,45598,Healthcare,62.27,2018
78,4210653367134037,123451164,9,8,45599,Gas,6.4,2018
38,4210653367134037,123451164,14,11,45600,Entertainment,44.04,2018
149,4210653367134037,123451164,13,4,45601,Education,97.06,2018
59,4210653367134037,123451164,27,7,45602,Entertainment,9.31,2018
123,4210653367134037,123451164,8,6,45603,Test,60.7,2018
56,4210653367134037,123451164,10,6,45604,Education,7.44,2018
11,4210653367134037,123451164,13,8,45605,Bills,44.31,2018
104,4210653367134037,123451164,26,4,45606,Grocery,51.5,2018
26,4210653367134037,123451164,26,5,45607,Test,49.86,2018
95,4210653367134037,123451164,21,9,45608,Education,67.03,2018
20,4210653367134037,123451164,4,11,45609,Healthcare,89.71,2018
66,4210653367134037,123451164,7,1,45610,Grocery,60.17,2018
16,4210653367134037,123451164,13,2,45611,Entertainment,75.78,2018
15,4210653367134037,123451164,6,1,45612,Entertainment,27.06,2018
21,4210653367134037,123451164,19,4,45613,Bills,45.1,2018
2,4210653367134037,123451164,12,9,45614,Gas,66.13,2018
78,4210653367134037,123451164,14,9,45615,Bills,10.27,2018
144,4210653367134037,123451164,19,2,45616,Healthcare,30.54,2018
35,4210653367134037,123451164,27,7,45617,Gas,18.6,2018
28,4210653367134037,123451164,12,10,45618,Healthcare,71.79,2018
170,4210653367134037,123451164,11,6,45619,Healthcare,66.85,2018
48,4210653367134037,123451164,6,9,45620,Grocery,25.47,2018
22,4210653367134037,123451164,6,10,45621,Entertainment,52.27,2018
77,4210653367134037,123451164,1,7,45622,Gas,97.08,2018
156,4210653367134037,123451164,10,7,45623,Education,44.05,2018
83,4210653367134037,123451164,25,6,45624,Entertainment,89.44,2018
36,4210653367134037,123451164,2,8,45625,Education,85.95,2018
107,4210653367134037,123451164,14,7,45626,Healthcare,96.43,2018
48,4210653367134037,123451164,24,8,45627,Education,42.42,2018
19,4210653367134037,123451164,7,5,45628,Grocery,9.33,2018
72,4210653367134037,123451164,18,10,45629,Gas,13.37,2018
93,4210653367134037,123451164,14,2,45630,Bills,9.23,2018
18,4210653367134037,123451164,3,7,45631,Bills,53.75,2018
50,4210653367134037,123451164,25,12,45632,Education,30.19,2018
49,4210653367134037,123451164,16,12,45633,Bills,29.13,2018
109,4210653367134037,123451164,25,7,45634,Education,99.63,2018
36,4210653367134037,123451164,22,3,45635,Entertainment,79.18,2018
76,4210653367134037,123451164,14,4,45636,Test,62.88,2018
10,4210653367134037,123451164,15,5,45637,Test,74.09,2018
158,4210653367134037,123451164,28,12,45638,Grocery,81.53,2018
37,4210653367134037,123451164,7,7,45639,Gas,1.41,2018
83,4210653367134037,123451164,5,4,45640,Entertainment,3.74,2018
85,4210653367134037,123451164,8,12,45641,Education,56.1,2018
99,4210653367134037,123451164,6,11,45642,Healthcare,2.33,2018
59,4210653367134037,123451164,25,4,45643,Test,93.45,2018
51,4210653367134037,123451164,8,11,45644,Entertainment,52.96,2018
40,4210653367134037,123451164,17,4,45645,Gas,65.3,2018
104,4210653367134037,123451164,2,3,45646,Healthcare,22.89,2018
30,4210653367134037,123451164,19,4,45647,Gas,94.55,2018
78,4210653367134037,123451164,10,11,45648,Grocery,95.68,2018
77,4210653367134037,123451164,9,4,45649,Entertainment,36.1,2018
76,4210653367134037,123451164,23,9,45650,Education,100.32,2018
11,4210653367134037,123451164,20,10,45651,Education,85.55,2018
45,4210653367134037,123451164,16,7,45652,Bills,56.73,2018
158,4210653367134037,123451164,17,10,45653,Entertainment,63.56,2018
31,4210653367134037,123451164,3,9,45654,Healthcare,47.84,2018
56,4210653367134037,123451164,23,9,45655,Entertainment,18.07,2018
73,4210653367134037,123451164,2,2,45656,Test,64.67,2018
4,4210653367134037,123451164,16,12,45657,Bills,67.89,2018
109,4210653367134037,123451164,14,7,45658,Grocery,81.61,2018
19,4210653367134037,123451164,22,8,45659,Gas,76.23,2018
48,4210653367134037,123451164,18,11,45660,Bills,10.12,2018
168,4210653367134037,123451164,5,6,45661,Education,58.31,2018
5,4210653367134037,123451164,24,6,45662,Test,93.29,2018
50,4210653367134037,123451164,26,4,45663,Entertainment,62.34,2018
19,4210653367134037,123451164,21,12,45664,Grocery,96.47,2018
180,4210653367134037,123451164,20,2,45665,Grocery,8.62,2018
38,4210653367134037,123451164,28,3,45666,Education,56.71,2018
188,4210653367134037,123451164,6,3,45667,Bills,72.29,2018
192,4210653367134037,123451164,3,10,45668,Gas,78.08,2018
67,4210653314938984,123451152,16,3,45669,Gas,87.73,2018
58,4210653314938984,123451152,7,10,45670,Bills,17.07,2018
38,4210653314938984,123451152,7,6,45671,Education,79.25,2018
43,4210653314938984,123451152,20,5,45672,Healthcare,6.47,2018
109,4210653314938984,123451152,16,3,45673,Entertainment,45.48,2018
109,4210653314938984,123451152,11,7,45674,Entertainment,74.15,2018
180,4210653314938984,123451152,12,2,45675,Healthcare,39.04,2018
188,4210653314938984,123451152,4,12,45676,Grocery,75.01,2018
70,4210653314938984,123451152,8,9,45677,Gas,97.79,2018
29,4210653314938984,123451152,23,8,45678,Gas,17.29,2018
21,4210653314938984,123451152,11,2,45679,Entertainment,7.69,2018
170,4210653314938984,123451152,16,1,45680,Education,75.33,2018
188,4210653314938984,123451152,6,1,45681,Gas,92.73,2018
45,4210653314938984,123451152,3,3,45682,Gas,94.64,2018
49,4210653314938984,123451152,26,11,45683,Gas,45.87,2018
136,4210653314938984,123451152,27,2,45684,Test,58.7,2018
50,4210653314938984,123451152,9,7,45685,Healthcare,51.23,2018
54,4210653314938984,123451152,10,3,45686,Test,21.61,2018
60,4210653314938984,123451152,7,11,45687,Education,71.77,2018
60,4210653314938984,123451152,11,6,45688,Bills,24.72,2018
72,4210653314938984,123451152,13,4,45689,Bills,58.33,2018
89,4210653314938984,123451152,17,10,45690,Grocery,39.06,2018
26,4210653314938984,123451152,5,1,45691,Gas,55.8,2018
91,4210653314938984,123451152,16,6,45692,Gas,94.92,2018
53,4210653314938984,123451152,20,4,45693,Education,38.54,2018
53,4210653314938984,123451152,2,10,45694,Gas,45.97,2018
76,4210653314938984,123451152,8,3,45695,Grocery,49.33,2018
18,4210653314938984,123451152,20,8,45696,Test,80.05,2018
119,4210653314938984,123451152,8,8,45697,Gas,42.7,2018
44,4210653314938984,123451152,14,5,45698,Gas,60.4,2018
95,4210653314938984,123451152,10,3,45699,Entertainment,1.66,2018
2,4210653314938984,123451152,28,10,45700,Education,55.75,2018
149,4210653314938984,123451152,8,6,45701,Grocery,73.95,2018
58,4210653314938984,123451152,17,8,45702,Gas,32.79,2018
95,4210653314938984,123451152,23,9,45703,Grocery,53.39,2018
93,4210653314938984,123451152,5,5,45704,Grocery,68.53,2018
136,4210653314938984,123451152,2,7,45705,Entertainment,53.51,2018
50,4210653314938984,123451152,9,4,45706,Gas,78.55,2018
4,4210653314938984,123451152,27,6,45707,Entertainment,33.36,2018
30,4210653314938984,123451152,28,6,45708,Bills,73.47,2018
105,4210653314938984,123451152,12,8,45709,Test,45.98,2018
111,4210653314938984,123451152,2,8,45710,Healthcare,49.12,2018
144,4210653314938984,123451152,25,10,45711,Healthcare,1.41,2018
47,4210653314938984,123451152,24,5,45712,Healthcare,80.37,2018
73,4210653314938984,123451152,16,11,45713,Gas,41.97,2018
119,4210653314938984,123451152,24,6,45714,Grocery,47.42,2018
35,4210653314938984,123451152,21,9,45715,Gas,97.53,2018
118,4210653314938984,123451152,28,8,45716,Bills,85.11,2018
173,4210653314938984,123451152,25,8,45717,Gas,75.91,2018
25,4210653314938984,123451152,8,2,45718,Test,36.47,2018
25,4210653314938984,123451152,13,3,45719,Bills,13.77,2018
32,4210653314938984,123451152,18,5,45720,Healthcare,35.85,2018
27,4210653314938984,123451152,12,11,45721,Education,34.1,2018
67,4210653314938984,123451152,27,2,45722,Bills,97.14,2018
67,4210653314938984,123451152,13,2,45723,Entertainment,74.15,2018
93,4210653332949005,123451135,18,12,45724,Test,21.39,2018
7,4210653332949005,123451135,3,9,45725,Entertainment,1.59,2018
188,4210653332949005,123451135,19,3,45726,Healthcare,73.29,2018
54,4210653332949005,123451135,9,10,45727,Education,24.2,2018
49,4210653332949005,123451135,8,12,45728,Entertainment,74.43,2018
17,4210653332949005,123451135,12,1,45729,Grocery,67.42,2018
10,4210653332949005,123451135,15,8,45730,Education,71.8,2018
36,4210653332949005,123451135,20,7,45731,Healthcare,39.85,2018
178,4210653332949005,123451135,10,11,45732,Test,11.09,2018
119,4210653332949005,123451135,24,10,45733,Entertainment,46.12,2018
76,4210653332949005,123451135,1,4,45734,Education,97.23,2018
16,4210653332949005,123451135,7,4,45735,Gas,16.05,2018
93,4210653332949005,123451135,8,10,45736,Bills,10.11,2018
99,4210653332949005,123451135,22,10,45737,Entertainment,45.73,2018
126,4210653332949005,123451135,5,3,45738,Healthcare,85.4,2018
63,4210653332949005,123451135,6,10,45739,Healthcare,73.96,2018
44,4210653332949005,123451135,20,6,45740,Bills,5.1,2018
36,4210653332949005,123451135,3,11,45741,Gas,73.96,2018
27,4210653332949005,123451135,12,5,45742,Bills,48.49,2018
30,4210653332949005,123451135,14,2,45743,Healthcare,81.16,2018
40,4210653332949005,123451135,7,2,45744,Test,74.98,2018
131,4210653332949005,123451135,4,4,45745,Education,85.19,2018
173,4210653332949005,123451135,18,7,45746,Test,19.22,2018
29,4210653332949005,123451135,6,4,45747,Gas,27.5,2018
124,4210653332949005,123451135,17,5,45748,Gas,77.25,2018
45,4210653332949005,123451135,9,11,45749,Entertainment,19.89,2018
168,4210653332949005,123451135,26,10,45750,Entertainment,100.63,2018
77,4210653332949005,123451135,8,9,45751,Grocery,14.54,2018
47,4210653332949005,123451135,21,2,45752,Grocery,18.05,2018
83,4210653332949005,123451135,7,1,45753,Test,67.49,2018
40,4210653332949005,123451135,9,12,45754,Education,80.44,2018
21,4210653332949005,123451135,27,10,45755,Entertainment,87.13,2018
145,4210653332949005,123451135,14,10,45756,Bills,92.55,2018
16,4210653332949005,123451135,6,8,45757,Grocery,95.44,2018
69,4210653332949005,123451135,8,1,45758,Grocery,86.05,2018
32,4210653332949005,123451135,15,10,45759,Grocery,33.78,2018
50,4210653332949005,123451135,26,10,45760,Gas,31.64,2018
59,4210653332949005,123451135,5,7,45761,Entertainment,40.24,2018
11,4210653332949005,123451135,4,8,45762,Healthcare,88.4,2018
104,4210653332949005,123451135,11,3,45763,Entertainment,29.43,2018
125,4210653332949005,123451135,5,9,45764,Entertainment,54.47,2018
158,4210653332949005,123451135,16,10,45765,Healthcare,20.64,2018
131,4210653332949005,123451135,20,11,45766,Healthcare,49.11,2018
188,4210653332949005,123451135,7,6,45767,Grocery,57.35,2018
2,4210653332949005,123451135,24,6,45768,Gas,70.54,2018
79,4210653332949005,123451135,26,12,45769,Bills,63.0,2018
49,4210653332949005,123451135,24,8,45770,Entertainment,78.78,2018
117,4210653332949005,123451135,16,1,45771,Bills,74.64,2018
81,4210653332949005,123451135,12,4,45772,Bills,80.71,2018
77,4210653332949005,123451135,20,4,45773,Test,12.01,2018
188,4210653332949005,123451135,3,10,45774,Grocery,22.63,2018
173,4210653332949005,123451135,15,5,45775,Grocery,45.74,2018
28,4210653332949005,123451135,19,10,45776,Test,55.41,2018
45,4210653332949005,123451135,8,1,45777,Grocery,77.16,2018
115,4210653332949005,123451135,9,10,45778,Bills,26.39,2018
3,4210653332949005,123451135,14,10,45779,Gas,5.25,2018
74,4210653332949005,123451135,15,5,45780,Healthcare,77.86,2018
164,4210653332949005,123451135,12,9,45781,Education,77.35,2018
3,4210653332949005,123451135,6,10,45782,Grocery,59.65,2018
144,4210653332949005,123451135,28,9,45783,Gas,62.55,2018
19,4210653332949005,123451135,22,5,45784,Test,43.6,2018
136,4210653332949005,123451135,19,9,45785,Test,40.5,2018
32,4210653332949005,123451135,25,4,45786,Education,74.58,2018
73,4210653332949005,123451135,25,11,45787,Grocery,72.76,2018
49,4210653332949005,123451135,18,6,45788,Grocery,81.59,2018
158,4210653332949005,123451135,13,4,45789,Grocery,42.1,2018
17,4210653365921958,123451131,28,12,45790,Test,57.73,2018
93,4210653365921958,123451131,18,3,45791,Education,92.67,2018
118,4210653365921958,123451131,4,1,45792,Healthcare,100.0,2018
47,4210653365921958,123451131,22,8,45793,Healthcare,49.9,2018
121,4210653365921958,123451131,13,7,45794,Education,53.44,2018
3,4210653365921958,123451131,20,11,45795,Gas,16.53,2018
83,4210653365921958,123451131,18,8,45796,Healthcare,47.16,2018
57,4210653365921958,123451131,14,10,45797,Healthcare,63.23,2018
16,4210653365921958,123451131,2,8,45798,Bills,66.96,2018
85,4210653365921958,123451131,25,10,45799,Test,1.81,2018
53,4210653365921958,123451131,28,12,45800,Healthcare,68.58,2018
160,4210653365921958,123451131,22,11,45801,Healthcare,8.08,2018
51,4210653365921958,123451131,20,12,45802,Healthcare,27.88,2018
93,4210653365921958,123451131,16,6,45803,Test,79.08,2018
7,4210653365921958,123451131,1,4,45804,Test,9.3,2018
22,4210653365921958,123451131,28,1,45805,Education,39.74,2018
36,4210653365921958,123451131,7,7,45806,Test,89.08,2018
46,4210653365921958,123451131,16,3,45807,Bills,55.36,2018
78,4210653365921958,123451131,9,6,45808,Grocery,99.72,2018
52,4210653365921958,123451131,4,5,45809,Test,98.68,2018
63,4210653365921958,123451131,9,6,45810,Bills,75.52,2018
10,4210653365921958,123451131,10,1,45811,Healthcare,13.48,2018
21,4210653365921958,123451131,10,1,45812,Education,54.58,2018
180,4210653365921958,123451131,1,8,45813,Education,100.75,2018
16,4210653365921958,123451131,27,9,45814,Healthcare,8.07,2018
76,4210653365921958,123451131,11,4,45815,Grocery,39.02,2018
126,4210653365921958,123451131,15,9,45816,Gas,86.0,2018
31,4210653365921958,123451131,1,3,45817,Gas,57.38,2018
15,4210653365921958,123451131,12,1,45818,Healthcare,45.45,2018
23,4210653365921958,123451131,8,5,45819,Grocery,1.14,2018
47,4210653365921958,123451131,21,11,45820,Bills,90.75,2018
99,4210653365921958,123451131,23,2,45821,Entertainment,95.06,2018
21,4210653365921958,123451131,15,2,45822,Grocery,94.68,2018
89,4210653365921958,123451131,18,1,45823,Grocery,34.28,2018
10,4210653365921958,123451131,11,8,45824,Gas,22.28,2018
73,4210653365921958,123451131,2,4,45825,Test,48.98,2018
99,4210653365921958,123451131,2,12,45826,Healthcare,52.18,2018
60,4210653365921958,123451131,3,6,45827,Test,36.46,2018
57,4210653365921958,123451131,5,10,45828,Entertainment,39.89,2018
9,4210653365921958,123451131,9,3,45829,Healthcare,94.98,2018
70,4210653365921958,123451131,15,10,45830,Gas,5.25,2018
38,4210653365921958,123451131,25,8,45831,Bills,15.4,2018
30,4210653365921958,123451131,26,7,45832,Grocery,67.3,2018
22,4210653365921958,123451131,10,10,45833,Grocery,2.28,2018
23,4210653365921958,123451131,8,9,45834,Gas,94.39,2018
59,4210653365921958,123451131,6,1,45835,Entertainment,10.34,2018
39,4210653365921958,123451131,17,8,45836,Grocery,62.57,2018
125,4210653365921958,123451131,24,9,45837,Test,76.39,2018
168,4210653365921958,123451131,8,2,45838,Healthcare,73.56,2018
1,4210653365921958,123451131,4,6,45839,Grocery,76.6,2018
45,4210653365921958,123451131,28,9,45840,Grocery,37.89,2018
11,4210653365921958,123451131,23,10,45841,Education,23.54,2018
83,4210653365921958,123451131,28,11,45842,Grocery,65.97,2018
35,4210653365921958,123451131,28,1,45843,Gas,8.87,2018
91,4210653365921958,123451131,10,5,45844,Healthcare,63.65,2018
17,4210653365921958,123451131,3,11,45845,Gas,48.1,2018
53,4210653365921958,123451131,28,8,45846,Entertainment,48.86,2018
20,4210653365921958,123451131,10,4,45847,Bills,63.6,2018
47,4210653365921958,123451131,16,8,45848,Gas,73.84,2018
11,4210653365921958,123451131,14,9,45849,Grocery,42.21,2018
77,4210653365921958,123451131,11,1,45850,Healthcare,85.31,2018
1,4210653365921958,123451131,10,2,45851,Test,67.76,2018
117,4210653365921958,123451131,9,3,45852,Grocery,9.61,2018
47,4210653365921958,123451131,27,1,45853,Grocery,98.53,2018
131,4210653365921958,123451131,18,9,45854,Healthcare,88.45,2018
8,4210653365921958,123451131,6,12,45855,Gas,13.11,2018
95,4210653365921958,123451131,25,1,45856,Education,8.51,2018
95,4210653365921958,123451131,9,6,45857,Entertainment,29.02,2018
103,4210653365921958,123451131,27,6,45858,Grocery,85.12,2018
15,4210653365921958,123451131,23,8,45859,Education,30.6,2018
114,4210653365921958,123451131,27,8,45860,Gas,55.98,2018
54,4210653365921958,123451131,23,11,45861,Gas,25.08,2018
79,4210653365921958,123451131,9,8,45862,Entertainment,47.37,2018
135,4210653365921958,123451131,20,6,45863,Bills,22.43,2018
136,4210653365921958,123451131,18,12,45864,Grocery,44.37,2018
26,4210653365921958,123451131,18,11,45865,Bills,97.28,2018
104,4210653365921958,123451131,6,2,45866,Entertainment,30.85,2018
100,4210653365921958,123451131,14,12,45867,Grocery,64.58,2018
170,4210653365921958,123451131,19,3,45868,Bills,95.35,2018
139,4210653365921958,123451131,26,6,45869,Test,80.34,2018
118,4210653365921958,123451131,24,5,45870,Entertainment,88.92,2018
95,4210653365921958,123451131,24,12,45871,Test,38.4,2018
188,4210653365921958,123451131,15,2,45872,Gas,3.32,2018
9,4210653365921958,123451131,20,1,45873,Entertainment,25.72,2018
100,4210653379686106,123451125,5,8,45874,Healthcare,17.69,2018
43,4210653379686106,123451125,1,10,45875,Entertainment,67.89,2018
81,4210653379686106,123451125,12,6,45876,Healthcare,100.28,2018
72,4210653379686106,123451125,2,1,45877,Grocery,85.18,2018
76,4210653379686106,123451125,17,9,45878,Healthcare,57.72,2018
59,4210653379686106,123451125,15,11,45879,Entertainment,67.47,2018
85,4210653379686106,123451125,2,9,45880,Grocery,97.68,2018
156,4210653379686106,123451125,17,6,45881,Gas,30.01,2018
46,4210653379686106,123451125,22,8,45882,Healthcare,77.63,2018
79,4210653379686106,123451125,6,9,45883,Entertainment,38.0,2018
9,4210653379686106,123451125,2,9,45884,Entertainment,18.68,2018
9,4210653379686106,123451125,27,1,45885,Bills,40.74,2018
54,4210653379686106,123451125,8,11,45886,Healthcare,84.52,2018
46,4210653379686106,123451125,21,12,45887,Entertainment,3.42,2018
69,4210653379686106,123451125,3,9,45888,Bills,20.34,2018
60,4210653379686106,123451125,26,11,45889,Grocery,85.5,2018
70,4210653379686106,123451125,25,3,45890,Gas,11.13,2018
12,4210653379686106,123451125,18,8,45891,Grocery,61.46,2018
74,4210653379686106,123451125,25,5,45892,Test,25.69,2018
31,4210653379686106,123451125,24,7,45893,Bills,73.03,2018
10,4210653379686106,123451125,27,6,45894,Healthcare,81.3,2018
136,4210653379686106,123451125,16,10,45895,Grocery,2.14,2018
105,4210653379686106,123451125,4,2,45896,Healthcare,77.41,2018
85,4210653379686106,123451125,13,5,45897,Bills,83.12,2018
66,4210653379686106,123451125,24,7,45898,Bills,15.64,2018
144,4210653379686106,123451125,3,12,45899,Entertainment,39.05,2018
75,4210653379686106,123451125,11,5,45900,Grocery,91.89,2018
43,4210653379686106,123451125,1,9,45901,Healthcare,55.82,2018
53,4210653379686106,123451125,12,4,45902,Bills,97.34,2018
7,4210653379686106,123451125,4,11,45903,Healthcare,71.97,2018
58,4210653379686106,123451125,28,11,45904,Gas,91.83,2018
45,4210653379686106,123451125,10,5,45905,Entertainment,87.82,2018
156,4210653379686106,123451125,2,1,45906,Gas,4.57,2018
121,4210653379686106,123451125,9,7,45907,Education,22.63,2018
60,4210653379686106,123451125,13,4,45908,Education,69.28,2018
139,4210653379686106,123451125,18,1,45909,Bills,88.23,2018
56,4210653379686106,123451125,28,7,45910,Entertainment,98.04,2018
78,4210653379686106,123451125,2,1,45911,Healthcare,58.3,2018
72,4210653379686106,123451125,15,11,45912,Healthcare,51.58,2018
15,4210653379686106,123451125,5,10,45913,Education,100.66,2018
144,4210653379686106,123451125,6,10,45914,Gas,8.78,2018
52,4210653379686106,123451125,20,11,45915,Test,45.41,2018
158,4210653379686106,123451125,13,4,45916,Education,31.28,2018
5,4210653379686106,123451125,21,4,45917,Healthcare,35.53,2018
49,4210653379686106,123451125,4,2,45918,Gas,26.07,2018
49,4210653379686106,123451125,2,11,45919,Entertainment,54.06,2018
15,4210653379686106,123451125,13,12,45920,Healthcare,69.09,2018
16,4210653379686106,123451125,9,8,45921,Entertainment,59.59,2018
160,4210653379686106,123451125,26,4,45922,Gas,11.63,2018
57,4210653379686106,123451125,9,3,45923,Bills,97.39,2018
160,4210653379686106,123451125,18,5,45924,Education,97.05,2018
43,4210653379686106,123451125,16,3,45925,Education,70.35,2018
117,4210653379686106,123451125,3,9,45926,Test,89.23,2018
43,4210653379686106,123451125,25,11,45927,Gas,61.95,2018
37,4210653379686106,123451125,9,6,45928,Gas,40.15,2018
5,4210653379686106,123451125,7,11,45929,Test,72.85,2018
80,4210653379686106,123451125,20,12,45930,Bills,76.99,2018
69,4210653379686106,123451125,4,3,45931,Education,80.06,2018
192,4210653379686106,123451125,28,1,45932,Test,21.68,2018
105,4210653379686106,123451125,26,12,45933,Gas,62.42,2018
126,4210653379686106,123451125,6,6,45934,Grocery,22.65,2018
14,4210653379686106,123451125,14,7,45935,Healthcare,78.36,2018
46,4210653379686106,123451125,12,6,45936,Healthcare,42.86,2018
42,4210653379686106,123451125,25,11,45937,Healthcare,23.07,2018
30,4210653379686106,123451125,13,12,45938,Grocery,59.37,2018
40,4210653379686106,123451125,6,12,45939,Grocery,100.59,2018
74,4210653379686106,123451125,19,8,45940,Bills,79.56,2018
69,4210653379686106,123451125,23,1,45941,Bills,86.01,2018
54,4210653379686106,123451125,15,1,45942,Gas,39.34,2018
20,4210653379686106,123451125,22,1,45943,Gas,77.43,2018
24,4210653379686106,123451125,7,7,45944,Gas,94.55,2018
107,4210653379686106,123451125,5,10,45945,Healthcare,56.45,2018
8,4210653379686106,123451125,3,9,45946,Bills,83.82,2018
125,4210653379686106,123451125,4,3,45947,Bills,12.13,2018
85,4210653379686106,123451125,21,8,45948,Grocery,85.57,2018
29,4210653379686106,123451125,6,3,45949,Bills,40.13,2018
69,4210653379686106,123451125,1,3,45950,Healthcare,80.51,2018
37,4210653379686106,123451125,26,9,45951,Entertainment,5.95,2018
114,4210653379686106,123451125,13,12,45952,Entertainment,69.09,2018
72,4210653379686106,123451125,21,4,45953,Bills,47.06,2018
76,4210653379686106,123451125,10,6,45954,Bills,86.37,2018
104,4210653379686106,123451125,17,8,45955,Healthcare,60.04,2018
144,4210653379686106,123451125,7,7,45956,Grocery,93.6,2018
166,4210653379686106,123451125,1,11,45957,Healthcare,70.37,2018
158,4210653379686106,123451125,22,7,45958,Education,23.73,2018
76,4210653379686106,123451125,6,3,45959,Gas,77.91,2018
74,4210653379686106,123451125,10,10,45960,Bills,100.25,2018
54,4210653379686106,123451125,25,4,45961,Entertainment,33.69,2018
31,4210653379686106,123451125,10,1,45962,Healthcare,14.69,2018
180,4210653379686106,123451125,20,5,45963,Gas,77.22,2018
168,4210653379686106,123451125,7,11,45964,Gas,99.6,2018
158,4210653379686106,123451125,13,12,45965,Test,58.54,2018
164,4210653379686106,123451125,20,6,45966,Entertainment,60.72,2018
93,4210653379686106,123451125,28,8,45967,Grocery,9.03,2018
145,4210653379686106,123451125,27,11,45968,Bills,98.27,2018
119,4210653379686106,123451125,22,5,45969,Education,20.3,2018
74,4210653383788447,123451108,12,4,45970,Test,96.19,2018
35,4210653383788447,123451108,27,6,45971,Healthcare,46.59,2018
136,4210653383788447,123451108,6,6,45972,Entertainment,95.93,2018
135,4210653383788447,123451108,7,10,45973,Gas,19.93,2018
178,4210653383788447,123451108,21,4,45974,Test,1.73,2018
67,4210653383788447,123451108,6,7,45975,Test,77.44,2018
95,4210653383788447,123451108,25,4,45976,Healthcare,20.79,2018
40,4210653383788447,123451108,3,3,45977,Bills,58.93,2018
100,4210653383788447,123451108,21,8,45978,Bills,3.11,2018
178,4210653383788447,123451108,6,1,45979,Bills,99.03,2018
23,4210653383788447,123451108,24,9,45980,Entertainment,40.62,2018
47,4210653383788447,123451108,3,9,45981,Grocery,17.15,2018
60,4210653383788447,123451108,8,2,45982,Entertainment,49.26,2018
56,4210653383788447,123451108,18,6,45983,Test,76.97,2018
9,4210653383788447,123451108,18,9,45984,Grocery,76.81,2018
118,4210653383788447,123451108,10,4,45985,Bills,100.3,2018
66,4210653383788447,123451108,20,7,45986,Education,63.79,2018
74,4210653383788447,123451108,17,7,45987,Gas,50.61,2018
83,4210653383788447,123451108,23,7,45988,Education,50.99,2018
28,4210653383788447,123451108,3,5,45989,Gas,20.06,2018
20,4210653383788447,123451108,13,7,45990,Test,31.09,2018
73,4210653383788447,123451108,7,3,45991,Gas,51.1,2018
22,4210653383788447,123451108,19,4,45992,Entertainment,50.71,2018
168,4210653383788447,123451108,2,9,45993,Test,100.2,2018
131,4210653383788447,123451108,12,6,45994,Healthcare,26.32,2018
81,4210653383788447,123451108,5,1,45995,Test,57.91,2018
188,4210653383788447,123451108,17,3,45996,Entertainment,73.27,2018
43,4210653383788447,123451108,3,2,45997,Entertainment,54.94,2018
125,4210653383788447,123451108,17,12,45998,Gas,11.58,2018
27,4210653383788447,123451108,18,3,45999,Education,45.04,2018
52,4210653383788447,123451108,17,1,46000,Gas,20.14,2018
46,4210653383788447,123451108,11,2,46001,Entertainment,86.56,2018
85,4210653383788447,123451108,10,12,46002,Test,70.95,2018
123,4210653383788447,123451108,8,4,46003,Gas,36.31,2018
80,4210653383788447,123451108,23,10,46004,Bills,8.2,2018
23,4210653383788447,123451108,10,8,46005,Healthcare,1.44,2018
70,4210653383788447,123451108,9,7,46006,Entertainment,51.92,2018
21,4210653383788447,123451108,14,1,46007,Healthcare,63.34,2018
79,4210653383788447,123451108,20,7,46008,Education,32.08,2018
29,4210653383788447,123451108,3,7,46009,Gas,83.37,2018
5,4210653383788447,123451108,5,6,46010,Entertainment,99.4,2018
114,4210653383788447,123451108,27,12,46011,Bills,25.18,2018
8,4210653383788447,123451108,25,10,46012,Education,83.63,2018
10,4210653383788447,123451108,5,2,46013,Test,83.33,2018
160,4210653383788447,123451108,5,7,46014,Healthcare,20.34,2018
166,4210653383788447,123451108,13,7,46015,Bills,24.97,2018
111,4210653383788447,123451108,17,12,46016,Education,75.22,2018
52,4210653383788447,123451108,14,2,46017,Entertainment,94.89,2018
31,4210653383788447,123451108,10,6,46018,Grocery,72.94,2018
117,4210653383788447,123451108,17,11,46019,Healthcare,6.54,2018
47,4210653383788447,123451108,21,1,46020,Healthcare,90.5,2018
31,4210653383788447,123451108,7,11,46021,Education,71.11,2018
39,4210653383788447,123451108,9,5,46022,Grocery,28.87,2018
79,4210653383788447,123451108,28,6,46023,Grocery,77.65,2018
95,4210653383788447,123451108,3,10,46024,Entertainment,23.34,2018
126,4210653383788447,123451108,12,6,46025,Healthcare,29.99,2018
77,4210653383788447,123451108,24,1,46026,Gas,98.59,2018
173,4210653383788447,123451108,16,5,46027,Bills,85.22,2018
144,4210653383788447,123451108,3,7,46028,Healthcare,60.26,2018
79,4210653383788447,123451108,17,12,46029,Grocery,90.27,2018
45,4210653383788447,123451108,11,1,46030,Healthcare,42.3,2018
109,4210653383788447,123451108,28,6,46031,Entertainment,13.47,2018
119,4210653383788447,123451108,2,6,46032,Healthcare,64.61,2018
38,4210653383788447,123451108,21,7,46033,Grocery,9.32,2018
1,4210653383788447,123451108,15,10,46034,Healthcare,74.65,2018
136,4210653383788447,123451108,18,8,46035,Education,20.87,2018
25,4210653383788447,123451108,27,5,46036,Healthcare,5.4,2018
5,4210653383788447,123451108,14,9,46037,Grocery,71.74,2018
158,4210653383788447,123451108,2,2,46038,Entertainment,16.87,2018
12,4210653383788447,123451108,22,7,46039,Test,55.13,2018
44,4210653383788447,123451108,22,11,46040,Gas,42.13,2018
77,4210653383788447,123451108,15,10,46041,Grocery,85.27,2018
10,4210653383788447,123451108,20,12,46042,Test,37.05,2018
118,4210653383788447,123451108,14,5,46043,Education,11.15,2018
3,4210653383788447,123451108,5,4,46044,Healthcare,18.62,2018
119,4210653383788447,123451108,14,6,46045,Healthcare,89.04,2018
80,4210653383788447,123451108,16,3,46046,Healthcare,92.81,2018
1,4210653383788447,123451108,11,9,46047,Grocery,7.56,2018
5,4210653383788447,123451108,13,6,46048,Healthcare,90.55,2018
45,4210653383788447,123451108,11,11,46049,Entertainment,33.0,2018
77,4210653383788447,123451108,24,3,46050,Healthcare,44.13,2018
60,4210653383788447,123451108,12,9,46051,Test,25.13,2018
21,4210653383788447,123451108,14,4,46052,Entertainment,39.25,2018
72,4210653383788447,123451108,27,6,46053,Entertainment,23.98,2018
46,4210653383788447,123451108,9,8,46054,Entertainment,76.6,2018
16,4210653337579457,123451105,2,7,46055,Grocery,98.34,2018
192,4210653337579457,123451105,2,6,46056,Gas,33.87,2018
109,4210653337579457,123451105,4,12,46057,Education,72.34,2018
69,4210653337579457,123451105,16,6,46058,Entertainment,89.28,2018
73,4210653337579457,123451105,28,5,46059,Education,5.49,2018
95,4210653337579457,123451105,15,5,46060,Test,18.23,2018
20,4210653337579457,123451105,24,7,46061,Gas,43.11,2018
40,4210653337579457,123451105,20,4,46062,Bills,25.17,2018
192,4210653337579457,123451105,27,11,46063,Healthcare,61.04,2018
89,4210653337579457,123451105,24,2,46064,Test,95.91,2018
80,4210653337579457,123451105,21,8,46065,Education,41.74,2018
4,4210653337579457,123451105,16,12,46066,Test,25.85,2018
73,4210653337579457,123451105,21,1,46067,Test,54.05,2018
83,4210653337579457,123451105,14,12,46068,Healthcare,62.05,2018
80,4210653337579457,123451105,14,9,46069,Healthcare,4.02,2018
83,4210653337579457,123451105,19,1,46070,Healthcare,46.97,2018
173,4210653337579457,123451105,18,5,46071,Entertainment,11.1,2018
47,4210653337579457,123451105,14,7,46072,Test,20.87,2018
26,4210653337579457,123451105,10,2,46073,Bills,93.29,2018
124,4210653337579457,123451105,17,5,46074,Gas,31.71,2018
136,4210653337579457,123451105,17,11,46075,Grocery,42.25,2018
115,4210653337579457,123451105,10,10,46076,Healthcare,53.08,2018
18,4210653337579457,123451105,19,12,46077,Gas,33.9,2018
63,4210653337579457,123451105,24,10,46078,Bills,65.58,2018
39,4210653337579457,123451105,18,9,46079,Education,22.1,2018
125,4210653337579457,123451105,28,12,46080,Healthcare,81.71,2018
11,4210653337579457,123451105,24,4,46081,Healthcare,46.96,2018
85,4210653337579457,123451105,6,5,46082,Grocery,81.71,2018
121,4210653337579457,123451105,15,12,46083,Bills,57.62,2018
51,4210653337579457,123451105,4,2,46084,Test,71.97,2018
28,4210653337579457,123451105,7,7,46085,Bills,57.57,2018
78,4210653337579457,123451105,12,2,46086,Entertainment,28.04,2018
40,4210653337579457,123451105,4,10,46087,Education,11.61,2018
39,4210653337579457,123451105,4,3,46088,Gas,1.15,2018
114,4210653337579457,123451105,18,12,46089,Bills,41.04,2018
79,4210653337579457,123451105,16,3,46090,Test,19.53,2018
72,4210653337579457,123451105,28,2,46091,Healthcare,20.36,2018
175,4210653337579457,123451105,25,12,46092,Test,20.88,2018
25,4210653337579457,123451105,1,4,46093,Education,32.84,2018
93,4210653337579457,123451105,21,7,46094,Education,23.09,2018
103,4210653337579457,123451105,8,7,46095,Healthcare,43.56,2018
72,4210653337579457,123451105,18,5,46096,Bills,48.08,2018
115,4210653337579457,123451105,2,7,46097,Gas,100.91,2018
59,4210653337579457,123451105,2,1,46098,Education,29.87,2018
47,4210653337579457,123451105,5,3,46099,Education,54.82,2018
79,4210653337579457,123451105,13,7,46100,Education,87.3,2018
27,4210653337579457,123451105,9,12,46101,Test,97.54,2018
63,4210653337579457,123451105,17,6,46102,Bills,42.27,2018
66,4210653337579457,123451105,21,2,46103,Bills,1.16,2018
121,4210653337579457,123451105,3,10,46104,Entertainment,61.78,2018
10,4210653337579457,123451105,13,7,46105,Gas,13.34,2018
3,4210653337579457,123451105,6,2,46106,Healthcare,76.41,2018
4,4210653337579457,123451105,19,1,46107,Test,98.04,2018
22,4210653337579457,123451105,10,11,46108,Bills,72.36,2018
30,4210653337579457,123451105,14,3,46109,Test,42.86,2018
95,4210653337579457,123451105,22,8,46110,Grocery,58.94,2018
3,4210653337579457,123451105,16,10,46111,Test,43.93,2018
3,4210653337579457,123451105,27,9,46112,Gas,65.63,2018
9,4210653337579457,123451105,2,6,46113,Test,85.06,2018
117,4210653337579457,123451105,23,6,46114,Gas,27.68,2018
52,4210653337579457,123451105,19,6,46115,Entertainment,70.8,2018
63,4210653337579457,123451105,15,3,46116,Test,82.06,2018
95,4210653337579457,123451105,13,10,46117,Healthcare,80.6,2018
25,4210653337579457,123451105,8,7,46118,Education,90.43,2018
3,4210653337579457,123451105,21,7,46119,Gas,20.12,2018
173,4210653337579457,123451105,18,8,46120,Test,81.11,2018
78,4210653337579457,123451105,25,5,46121,Healthcare,57.28,2018
48,4210653337579457,123451105,8,3,46122,Test,37.91,2018
70,4210653337579457,123451105,5,6,46123,Healthcare,50.5,2018
85,4210653337579457,123451105,10,5,46124,Bills,75.43,2018
131,4210653337579457,123451105,16,9,46125,Education,1.82,2018
21,4210653337579457,123451105,23,5,46126,Entertainment,55.63,2018
57,4210653337579457,123451105,3,9,46127,Bills,81.76,2018
48,4210653337579457,123451105,19,8,46128,Healthcare,52.89,2018
25,4210653337579457,123451105,26,5,46129,Entertainment,68.43,2018
178,4210653337579457,123451105,3,6,46130,Bills,22.58,2018
126,4210653337579457,123451105,23,1,46131,Gas,23.32,2018
9,4210653337579457,123451105,19,5,46132,Bills,72.08,2018
4,4210653337579457,123451105,15,4,46133,Education,42.43,2018
59,4210653337579457,123451105,7,12,46134,Gas,22.0,2018
2,4210653337579457,123451105,2,11,46135,Grocery,26.97,2018
99,4210653337579457,123451105,23,9,46136,Gas,77.73,2018
44,4210653337579457,123451105,10,5,46137,Grocery,7.02,2018
90,4210653337579457,123451105,27,6,46138,Gas,50.74,2018
60,4210653337579457,123451105,13,2,46139,Healthcare,84.11,2018
168,4210653337579457,123451105,14,1,46140,Test,98.39,2018
173,4210653337579457,123451105,23,4,46141,Education,36.37,2018
51,4210653337579457,123451105,26,2,46142,Entertainment,18.74,2018
78,4210653337579457,123451105,5,3,46143,Grocery,46.52,2018
22,4210653337579457,123451105,12,9,46144,Education,19.37,2018
173,4210653337579457,123451105,26,4,46145,Grocery,83.23,2018
53,4210653337579457,123451105,17,11,46146,Grocery,9.87,2018
168,4210653371997788,123451104,9,6,46147,Test,70.6,2018
32,4210653371997788,123451104,19,9,46148,Healthcare,76.63,2018
85,4210653371997788,123451104,15,2,46149,Gas,88.54,2018
170,4210653371997788,123451104,25,4,46150,Bills,41.57,2018
77,4210653371997788,123451104,6,10,46151,Gas,27.14,2018
57,4210653371997788,123451104,6,10,46152,Gas,83.46,2018
2,4210653371997788,123451104,20,1,46153,Grocery,59.5,2018
70,4210653371997788,123451104,13,9,46154,Test,4.87,2018
53,4210653371997788,123451104,8,3,46155,Bills,44.77,2018
63,4210653371997788,123451104,18,1,46156,Healthcare,74.61,2018
79,4210653371997788,123451104,11,4,46157,Education,51.76,2018
7,4210653371997788,123451104,25,5,46158,Gas,34.1,2018
66,4210653371997788,123451104,20,7,46159,Bills,61.39,2018
66,4210653371997788,123451104,19,3,46160,Healthcare,28.26,2018
37,4210653371997788,123451104,11,6,46161,Education,29.45,2018
107,4210653371997788,123451104,24,2,46162,Gas,26.48,2018
109,4210653371997788,123451104,24,3,46163,Education,55.87,2018
48,4210653371997788,123451104,13,4,46164,Bills,55.22,2018
114,4210653371997788,123451104,26,8,46165,Grocery,95.05,2018
36,4210653371997788,123451104,15,7,46166,Education,20.69,2018
81,4210653371997788,123451104,12,1,46167,Test,30.45,2018
121,4210653371997788,123451104,26,6,46168,Entertainment,91.45,2018
103,4210653371997788,123451104,16,1,46169,Test,41.91,2018
48,4210653371997788,123451104,11,2,46170,Healthcare,61.82,2018
42,4210653371997788,123451104,26,5,46171,Healthcare,69.8,2018
19,4210653371997788,123451104,23,3,46172,Grocery,38.93,2018
124,4210653371997788,123451104,22,6,46173,Test,82.3,2018
27,4210653371997788,123451104,9,12,46174,Entertainment,17.22,2018
59,4210653371997788,123451104,4,7,46175,Entertainment,74.11,2018
80,4210653371997788,123451104,6,7,46176,Grocery,38.02,2018
107,4210653371997788,123451104,10,2,46177,Gas,9.67,2018
91,4210653371997788,123451104,17,10,46178,Education,94.23,2018
32,4210653371997788,123451104,17,2,46179,Entertainment,92.79,2018
126,4210653371997788,123451104,18,7,46180,Test,17.82,2018
99,4210653371997788,123451104,18,12,46181,Grocery,38.69,2018
54,4210653371997788,123451104,13,2,46182,Test,73.49,2018
125,4210653371997788,123451104,10,11,46183,Education,64.21,2018
104,4210653371997788,123451104,9,1,46184,Test,24.47,2018
14,4210653371997788,123451104,1,6,46185,Grocery,93.43,2018
100,4210653371997788,123451104,24,11,46186,Healthcare,16.44,2018
99,4210653371997788,123451104,10,10,46187,Healthcare,65.33,2018
178,4210653371997788,123451104,28,7,46188,Healthcare,3.22,2018
57,4210653371997788,123451104,9,9,46189,Education,49.06,2018
85,4210653371997788,123451104,21,5,46190,Healthcare,46.76,2018
19,4210653371997788,123451104,4,9,46191,Bills,47.92,2018
121,4210653371997788,123451104,27,2,46192,Healthcare,41.06,2018
20,4210653371997788,123451104,8,2,46193,Healthcare,16.19,2018
32,4210653371997788,123451104,24,9,46194,Entertainment,38.36,2018
2,4210653371997788,123451104,19,3,46195,Healthcare,81.12,2018
39,4210653371997788,123451104,16,11,46196,Healthcare,40.02,2018
76,4210653371997788,123451104,8,11,46197,Test,22.04,2018
27,4210653371997788,123451104,8,6,46198,Education,73.23,2018
99,4210653371997788,123451104,20,7,46199,Education,21.08,2018
78,4210653371997788,123451104,19,7,46200,Gas,23.5,2018
23,4210653371997788,123451104,8,2,46201,Grocery,93.98,2018
40,4210653371997788,123451104,26,11,46202,Gas,45.21,2018
175,4210653371997788,123451104,3,12,46203,Entertainment,97.18,2018
3,4210653371997788,123451104,11,1,46204,Bills,17.28,2018
158,4210653371997788,123451104,16,11,46205,Grocery,88.25,2018
44,4210653371997788,123451104,12,2,46206,Gas,47.55,2018
39,4210653371997788,123451104,4,2,46207,Gas,88.43,2018
50,4210653371997788,123451104,4,4,46208,Healthcare,96.07,2018
28,4210653371997788,123451104,9,2,46209,Education,60.08,2018
114,4210653371997788,123451104,23,7,46210,Bills,18.15,2018
7,4210653371997788,123451104,26,4,46211,Education,50.33,2018
188,4210653389763988,123451093,24,1,46212,Entertainment,24.54,2018
44,4210653389763988,123451093,14,10,46213,Education,47.84,2018
36,4210653389763988,123451093,15,6,46214,Education,62.78,2018
125,4210653389763988,123451093,7,6,46215,Entertainment,32.82,2018
63,4210653389763988,123451093,24,12,46216,Education,89.07,2018
22,4210653389763988,123451093,23,2,46217,Education,69.38,2018
115,4210653389763988,123451093,3,1,46218,Entertainment,83.72,2018
7,4210653322807170,123451092,5,8,46219,Healthcare,14.91,2018
47,4210653322807170,123451092,8,7,46220,Gas,35.17,2018
75,4210653322807170,123451092,19,4,46221,Healthcare,21.06,2018
29,4210653322807170,123451092,14,2,46222,Entertainment,31.35,2018
192,4210653322807170,123451092,7,5,46223,Entertainment,43.45,2018
54,4210653322807170,123451092,4,11,46224,Bills,72.62,2018
91,4210653322807170,123451092,22,10,46225,Test,70.21,2018
135,4210653322807170,123451092,11,12,46226,Grocery,27.18,2018
149,4210653322807170,123451092,27,9,46227,Healthcare,49.42,2018
21,4210653322807170,123451092,25,1,46228,Healthcare,73.18,2018
131,4210653322807170,123451092,19,8,46229,Bills,15.14,2018
123,4210653322807170,123451092,15,3,46230,Grocery,33.32,2018
57,4210653322807170,123451092,5,8,46231,Healthcare,98.04,2018
164,4210653322807170,123451092,28,4,46232,Grocery,76.26,2018
109,4210653322807170,123451092,2,10,46233,Test,25.45,2018
109,4210653322807170,123451092,7,11,46234,Healthcare,23.6,2018
111,4210653322807170,123451092,27,5,46235,Gas,86.07,2018
72,4210653322807170,123451092,12,2,46236,Education,56.61,2018
36,4210653322807170,123451092,7,2,46237,Grocery,86.08,2018
59,4210653322807170,123451092,28,3,46238,Bills,83.88,2018
119,4210653322807170,123451092,25,2,46239,Education,53.94,2018
32,4210653322807170,123451092,20,8,46240,Bills,29.56,2018
100,4210653322807170,123451092,26,10,46241,Grocery,52.07,2018
135,4210653322807170,123451092,8,5,46242,Gas,51.65,2018
5,4210653322807170,123451092,11,4,46243,Healthcare,68.03,2018
30,4210653322807170,123451092,25,8,46244,Education,99.43,2018
10,4210653322807170,123451092,17,8,46245,Test,80.85,2018
11,4210653322807170,123451092,21,2,46246,Education,28.76,2018
126,4210653322807170,123451092,14,2,46247,Gas,14.52,2018
58,4210653322807170,123451092,28,6,46248,Healthcare,85.05,2018
58,4210653322807170,123451092,27,4,46249,Healthcare,82.87,2018
21,4210653322807170,123451092,16,10,46250,Grocery,15.27,2018
72,4210653322807170,123451092,23,9,46251,Gas,26.55,2018
175,4210653322807170,123451092,13,7,46252,Grocery,50.86,2018
93,4210653322807170,123451092,20,10,46253,Gas,72.47,2018
73,4210653322807170,123451092,7,5,46254,Healthcare,77.68,2018
21,4210653322807170,123451092,9,5,46255,Healthcare,54.78,2018
67,4210653322807170,123451092,14,8,46256,Healthcare,77.59,2018
22,4210653322807170,123451092,19,8,46257,Gas,34.49,2018
135,4210653322807170,123451092,26,2,46258,Healthcare,28.86,2018
4,4210653322807170,123451092,11,1,46259,Healthcare,30.18,2018
76,4210653379290313,123451088,17,9,46260,Entertainment,14.07,2018
49,4210653379290313,123451088,3,3,46261,Gas,86.06,2018
38,4210653379290313,123451088,22,8,46262,Healthcare,38.88,2018
107,4210653379290313,123451088,28,9,46263,Healthcare,82.32,2018
145,4210653379290313,123451088,8,5,46264,Education,83.81,2018
29,4210653379290313,123451088,20,6,46265,Gas,13.92,2018
59,4210653379290313,123451088,6,5,46266,Gas,36.68,2018
79,4210653379290313,123451088,14,11,46267,Bills,89.64,2018
188,4210653379290313,123451088,7,9,46268,Gas,24.81,2018
103,4210653379290313,123451088,16,8,46269,Bills,69.61,2018
18,4210653379290313,123451088,26,8,46270,Healthcare,12.76,2018
123,4210653379290313,123451088,19,2,46271,Test,19.9,2018
43,4210653379290313,123451088,21,2,46272,Entertainment,63.64,2018
126,4210653379290313,123451088,12,12,46273,Entertainment,81.51,2018
93,4210653379290313,123451088,24,9,46274,Healthcare,7.63,2018
42,4210653379290313,123451088,14,2,46275,Education,8.35,2018
2,4210653379290313,123451088,18,3,46276,Grocery,26.9,2018
166,4210653379290313,123451088,25,9,46277,Education,33.25,2018
24,4210653379290313,123451088,19,7,46278,Grocery,30.27,2018
95,4210653379290313,123451088,20,3,46279,Education,62.25,2018
121,4210653379290313,123451088,14,5,46280,Grocery,18.18,2018
14,4210653379290313,123451088,1,6,46281,Gas,89.61,2018
17,4210653379290313,123451088,9,11,46282,Education,45.48,2018
164,4210653379290313,123451088,18,6,46283,Healthcare,98.59,2018
24,4210653379290313,123451088,7,2,46284,Bills,77.99,2018
72,4210653379290313,123451088,6,1,46285,Entertainment,96.12,2018
24,4210653379290313,123451088,24,10,46286,Grocery,89.49,2018
95,4210653379290313,123451088,17,10,46287,Education,31.21,2018
73,4210653379290313,123451088,6,11,46288,Grocery,5.99,2018
58,4210653379290313,123451088,13,1,46289,Education,10.95,2018
121,4210653379290313,123451088,3,12,46290,Entertainment,45.96,2018
166,4210653379290313,123451088,16,10,46291,Gas,17.89,2018
124,4210653379290313,123451088,25,5,46292,Bills,47.71,2018
126,4210653379290313,123451088,19,3,46293,Bills,23.01,2018
39,4210653379290313,123451088,20,3,46294,Gas,45.48,2018
48,4210653379290313,123451088,27,8,46295,Grocery,87.47,2018
26,4210653379290313,123451088,16,5,46296,Grocery,31.99,2018
67,4210653379290313,123451088,9,11,46297,Gas,44.16,2018
11,4210653379290313,123451088,8,12,46298,Entertainment,64.76,2018
47,4210653379290313,123451088,15,6,46299,Gas,43.39,2018
37,4210653379290313,123451088,20,3,46300,Test,63.23,2018
125,4210653379290313,123451088,17,5,46301,Grocery,86.34,2018
7,4210653379290313,123451088,18,6,46302,Bills,1.66,2018
139,4210653379290313,123451088,12,2,46303,Healthcare,66.15,2018
156,4210653379290313,123451088,7,5,46304,Entertainment,62.04,2018
3,4210653379290313,123451088,13,4,46305,Test,49.05,2018
178,4210653379290313,123451088,7,6,46306,Bills,71.69,2018
126,4210653379290313,123451088,14,12,46307,Bills,21.67,2018
192,4210653379290313,123451088,26,7,46308,Entertainment,40.04,2018
60,4210653379290313,123451088,7,12,46309,Test,77.21,2018
136,4210653379290313,123451088,3,3,46310,Grocery,20.86,2018
180,4210653379290313,123451088,27,12,46311,Gas,73.96,2018
60,4210653379290313,123451088,19,3,46312,Grocery,56.62,2018
43,4210653379290313,123451088,2,6,46313,Education,49.14,2018
170,4210653379290313,123451088,15,5,46314,Bills,23.62,2018
39,4210653379290313,123451088,4,5,46315,Entertainment,85.85,2018
100,4210653379290313,123451088,11,5,46316,Healthcare,55.28,2018
59,4210653379290313,123451088,26,12,46317,Test,41.19,2018
32,4210653379290313,123451088,13,12,46318,Bills,24.11,2018
39,4210653379290313,123451088,3,6,46319,Test,64.77,2018
115,4210653379290313,123451088,16,6,46320,Entertainment,19.33,2018
173,4210653379290313,123451088,15,11,46321,Test,14.73,2018
73,4210653379290313,123451088,17,1,46322,Test,66.05,2018
16,4210653379290313,123451088,6,2,46323,Entertainment,88.05,2018
1,4210653379290313,123451088,7,9,46324,Grocery,8.51,2018
135,4210653379290313,123451088,10,10,46325,Entertainment,65.97,2018
90,4210653379290313,123451088,9,12,46326,Healthcare,58.13,2018
125,4210653379290313,123451088,18,1,46327,Gas,71.97,2018
39,4210653379290313,123451088,16,4,46328,Bills,7.64,2018
58,4210653379290313,123451088,21,10,46329,Entertainment,30.61,2018
58,4210653314009556,123451071,21,9,46330,Education,40.64,2018
149,4210653314009556,123451071,23,10,46331,Healthcare,85.66,2018
168,4210653314009556,123451071,14,1,46332,Test,40.8,2018
125,4210653314009556,123451071,13,5,46333,Grocery,99.22,2018
23,4210653314009556,123451071,4,3,46334,Entertainment,70.38,2018
31,4210653314009556,123451071,11,12,46335,Entertainment,67.73,2018
57,4210653314009556,123451071,23,1,46336,Education,83.08,2018
26,4210653314009556,123451071,12,8,46337,Healthcare,60.14,2018
29,4210653314009556,123451071,24,3,46338,Entertainment,23.28,2018
17,4210653314009556,123451071,7,5,46339,Bills,78.59,2018
37,4210653314009556,123451071,25,2,46340,Grocery,73.86,2018
15,4210653314009556,123451071,25,12,46341,Grocery,55.89,2018
192,4210653314009556,123451071,20,4,46342,Gas,49.85,2018
8,4210653314009556,123451071,26,12,46343,Gas,10.45,2018
4,4210653314009556,123451071,6,11,46344,Grocery,4.25,2018
100,4210653314009556,123451071,11,9,46345,Test,20.19,2018
118,4210653314009556,123451071,1,8,46346,Grocery,42.01,2018
173,4210653314009556,123451071,4,4,46347,Bills,86.77,2018
192,4210653314009556,123451071,22,10,46348,Education,62.73,2018
78,4210653314009556,123451071,10,4,46349,Gas,70.53,2018
121,4210653314009556,123451071,2,1,46350,Gas,23.56,2018
42,4210653314009556,123451071,9,4,46351,Entertainment,69.06,2018
52,4210653314009556,123451071,24,9,46352,Gas,61.53,2018
50,4210653314009556,123451071,5,5,46353,Gas,20.2,2018
37,4210653314009556,123451071,6,6,46354,Healthcare,9.9,2018
53,4210653314009556,123451071,22,1,46355,Grocery,90.23,2018
8,4210653314009556,123451071,25,3,46356,Entertainment,57.1,2018
17,4210653314009556,123451071,13,3,46357,Healthcare,16.95,2018
180,4210653314009556,123451071,16,1,46358,Entertainment,86.25,2018
59,4210653314009556,123451071,4,7,46359,Test,34.83,2018
139,4210653314009556,123451071,22,1,46360,Grocery,50.68,2018
25,4210653314009556,123451071,16,1,46361,Test,33.31,2018
77,4210653314009556,123451071,7,11,46362,Gas,18.28,2018
52,4210653314009556,123451071,4,2,46363,Bills,74.15,2018
135,4210653314009556,123451071,16,5,46364,Education,71.31,2018
170,4210653314009556,123451071,28,11,46365,Test,40.77,2018
180,4210653314009556,123451071,6,4,46366,Gas,13.69,2018
29,4210653314009556,123451071,12,5,46367,Bills,27.55,2018
178,4210653314009556,123451071,19,7,46368,Grocery,46.64,2018
73,4210653314009556,123451071,1,12,46369,Gas,38.83,2018
14,4210653314009556,123451071,23,7,46370,Grocery,13.72,2018
1,4210653314009556,123451071,10,7,46371,Healthcare,95.53,2018
2,4210653314009556,123451071,10,2,46372,Bills,18.56,2018
90,4210653314009556,123451071,8,3,46373,Healthcare,16.85,2018
53,4210653314009556,123451071,13,2,46374,Healthcare,35.0,2018
77,4210653314009556,123451071,11,8,46375,Gas,30.54,2018
119,4210653314009556,123451071,22,8,46376,Gas,20.89,2018
139,4210653314009556,123451071,20,1,46377,Education,9.77,2018
173,4210653314009556,123451071,25,7,46378,Healthcare,32.5,2018
73,4210653314009556,123451071,11,9,46379,Healthcare,25.26,2018
47,4210653314009556,123451071,2,10,46380,Gas,41.31,2018
63,4210653314009556,123451071,15,7,46381,Gas,17.01,2018
188,4210653314009556,123451071,24,12,46382,Education,81.92,2018
25,4210653314009556,123451071,15,12,46383,Grocery,95.41,2018
40,4210653314009556,123451071,4,9,46384,Healthcare,16.29,2018
9,4210653314009556,123451071,8,9,46385,Education,82.53,2018
75,4210653314009556,123451071,22,1,46386,Gas,17.73,2018
46,4210653314009556,123451071,23,12,46387,Education,77.03,2018
46,4210653314009556,123451071,8,1,46388,Grocery,59.18,2018
49,4210653314009556,123451071,8,10,46389,Test,3.97,2018
14,4210653314009556,123451071,16,4,46390,Grocery,49.75,2018
95,4210653314009556,123451071,8,5,46391,Grocery,37.88,2018
22,4210653314009556,123451071,16,5,46392,Gas,21.49,2018
3,4210653314009556,123451071,27,2,46393,Grocery,88.06,2018
27,4210653314009556,123451071,27,6,46394,Bills,45.12,2018
117,4210653314009556,123451071,3,1,46395,Gas,48.06,2018
9,4210653314009556,123451071,23,1,46396,Entertainment,97.48,2018
70,4210653314009556,123451071,14,9,46397,Healthcare,64.9,2018
160,4210653314009556,123451071,16,2,46398,Test,40.63,2018
40,4210653314009556,123451071,28,2,46399,Grocery,39.75,2018
43,4210653314009556,123451071,19,6,46400,Grocery,62.82,2018
80,4210653314009556,123451071,9,3,46401,Gas,99.5,2018
18,4210653314009556,123451071,26,1,46402,Gas,32.9,2018
9,4210653314009556,123451071,15,10,46403,Gas,40.83,2018
50,4210653314009556,123451071,22,1,46404,Gas,29.95,2018
119,4210653314009556,123451071,28,12,46405,Education,60.39,2018
1,4210653314009556,123451071,12,4,46406,Test,91.24,2018
173,4210653314009556,123451071,9,11,46407,Gas,33.08,2018
23,4210653314009556,123451071,28,8,46408,Education,49.05,2018
12,4210653327270061,123451070,4,10,46409,Test,68.47,2018
46,4210653327270061,123451070,21,11,46410,Gas,30.95,2018
117,4210653327270061,123451070,26,1,46411,Bills,3.98,2018
51,4210653327270061,123451070,3,11,46412,Education,29.04,2018
18,4210653327270061,123451070,5,9,46413,Healthcare,69.25,2018
166,4210653327270061,123451070,22,10,46414,Gas,7.34,2018
80,4210653327270061,123451070,15,6,46415,Test,34.49,2018
58,4210653327270061,123451070,4,2,46416,Bills,36.25,2018
75,4210653327270061,123451070,8,3,46417,Test,25.87,2018
48,4210653327270061,123451070,21,12,46418,Education,5.57,2018
10,4210653327270061,123451070,20,12,46419,Grocery,24.71,2018
69,4210653327270061,123451070,4,4,46420,Education,13.75,2018
46,4210653327270061,123451070,5,5,46421,Bills,1.55,2018
51,4210653327270061,123451070,22,12,46422,Gas,27.21,2018
42,4210653327270061,123451070,28,11,46423,Education,5.6,2018
180,4210653327270061,123451070,3,9,46424,Test,13.34,2018
76,4210653327270061,123451070,19,6,46425,Grocery,1.76,2018
136,4210653327270061,123451070,15,4,46426,Bills,17.74,2018
81,4210653327270061,123451070,13,7,46427,Education,35.87,2018
139,4210653327270061,123451070,8,5,46428,Grocery,15.44,2018
158,4210653327270061,123451070,27,3,46429,Grocery,79.46,2018
78,4210653327270061,123451070,12,4,46430,Education,51.99,2018
124,4210653327270061,123451070,25,6,46431,Grocery,67.07,2018
37,4210653327270061,123451070,1,9,46432,Grocery,59.09,2018
46,4210653327270061,123451070,10,6,46433,Entertainment,98.06,2018
10,4210653327270061,123451070,24,10,46434,Healthcare,8.26,2018
104,4210653327270061,123451070,17,9,46435,Bills,41.28,2018
31,4210653376538491,123451069,23,7,46436,Test,89.53,2018
52,4210653376538491,123451069,20,12,46437,Bills,20.96,2018
72,4210653376538491,123451069,2,8,46438,Gas,55.74,2018
35,4210653376538491,123451069,8,3,46439,Grocery,31.23,2018
52,4210653376538491,123451069,7,2,46440,Gas,19.69,2018
47,4210653376538491,123451069,11,9,46441,Gas,23.74,2018
89,4210653376538491,123451069,6,6,46442,Entertainment,66.77,2018
188,4210653376538491,123451069,17,8,46443,Education,59.34,2018
107,4210653376538491,123451069,2,2,46444,Entertainment,98.47,2018
59,4210653376538491,123451069,8,6,46445,Gas,35.4,2018
156,4210653376538491,123451069,22,12,46446,Grocery,47.14,2018
22,4210653376538491,123451069,17,7,46447,Gas,73.07,2018
31,4210653376538491,123451069,5,9,46448,Education,23.25,2018
39,4210653376538491,123451069,5,8,46449,Gas,44.85,2018
76,4210653376538491,123451069,13,7,46450,Bills,13.31,2018
57,4210653376538491,123451069,15,12,46451,Entertainment,17.78,2018
32,4210653376538491,123451069,3,5,46452,Education,91.31,2018
117,4210653376538491,123451069,8,11,46453,Education,23.94,2018
80,4210653376538491,123451069,3,10,46454,Bills,88.64,2018
21,4210653376538491,123451069,14,9,46455,Healthcare,60.21,2018
3,4210653376538491,123451069,2,9,46456,Education,27.97,2018
52,4210653376538491,123451069,1,3,46457,Entertainment,51.88,2018
93,4210653376538491,123451069,8,3,46458,Education,78.95,2018
104,4210653376538491,123451069,19,10,46459,Education,45.51,2018
67,4210653376538491,123451069,28,7,46460,Gas,64.39,2018
16,4210653376538491,123451069,28,6,46461,Education,92.39,2018
16,4210653376538491,123451069,12,5,46462,Healthcare,8.14,2018
126,4210653376538491,123451069,16,12,46463,Test,94.45,2018
21,4210653376538491,123451069,2,7,46464,Healthcare,48.97,2018
111,4210653376538491,123451069,28,5,46465,Grocery,24.75,2018
24,4210653376538491,123451069,6,9,46466,Education,92.32,2018
49,4210653376538491,123451069,2,2,46467,Gas,94.76,2018
51,4210653312588692,123451068,14,12,46468,Entertainment,55.86,2018
53,4210653312588692,123451068,7,4,46469,Gas,64.92,2018
53,4210653312588692,123451068,15,1,46470,Healthcare,57.9,2018
31,4210653312588692,123451068,10,10,46471,Healthcare,49.05,2018
135,4210653312588692,123451068,28,4,46472,Gas,41.45,2018
107,4210653312588692,123451068,15,5,46473,Gas,90.83,2018
100,4210653312588692,123451068,2,12,46474,Entertainment,54.35,2018
5,4210653312588692,123451068,27,8,46475,Bills,62.42,2018
105,4210653312588692,123451068,10,9,46476,Entertainment,29.23,2018
72,4210653312588692,123451068,13,8,46477,Grocery,29.64,2018
180,4210653312588692,123451068,22,5,46478,Test,54.1,2018
124,4210653312588692,123451068,13,5,46479,Test,72.3,2018
121,4210653312588692,123451068,10,7,46480,Grocery,65.09,2018
35,4210653312588692,123451068,2,11,46481,Education,71.8,2018
124,4210653312588692,123451068,14,4,46482,Gas,82.02,2018
173,4210653312588692,123451068,22,9,46483,Bills,45.34,2018
27,4210653312588692,123451068,12,3,46484,Gas,82.91,2018
50,4210653312588692,123451068,13,5,46485,Bills,20.96,2018
23,4210653312588692,123451068,6,2,46486,Healthcare,74.54,2018
178,4210653312588692,123451068,23,3,46487,Test,62.05,2018
9,4210653312588692,123451068,27,6,46488,Healthcare,10.69,2018
37,4210653312588692,123451068,3,1,46489,Education,88.32,2018
131,4210653312588692,123451068,28,2,46490,Gas,12.65,2018
42,4210653312588692,123451068,28,10,46491,Healthcare,8.5,2018
46,4210653312588692,123451068,14,11,46492,Grocery,10.22,2018
23,4210653312588692,123451068,17,4,46493,Education,15.89,2018
51,4210653312588692,123451068,9,4,46494,Education,45.85,2018
126,4210653312588692,123451068,3,5,46495,Entertainment,91.17,2018
117,4210653312588692,123451068,16,11,46496,Bills,95.08,2018
2,4210653312588692,123451068,12,12,46497,Bills,78.76,2018
37,4210653312588692,123451068,15,4,46498,Gas,44.47,2018
44,4210653312588692,123451068,26,7,46499,Education,35.84,2018
72,4210653312588692,123451068,19,2,46500,Entertainment,29.34,2018
51,4210653312588692,123451068,7,2,46501,Bills,81.66,2018
111,4210653312588692,123451068,28,4,46502,Test,82.36,2018
164,4210653312588692,123451068,3,10,46503,Entertainment,49.47,2018
168,4210653312588692,123451068,22,6,46504,Entertainment,72.44,2018
44,4210653312588692,123451068,24,2,46505,Test,76.74,2018
9,4210653312588692,123451068,11,6,46506,Education,52.68,2018
136,4210653312588692,123451068,1,10,46507,Gas,96.1,2018
37,4210653312588692,123451068,25,6,46508,Entertainment,20.93,2018
63,4210653312588692,123451068,8,6,46509,Bills,66.98,2018
18,4210653312588692,123451068,23,12,46510,Grocery,67.37,2018
9,4210653312588692,123451068,4,10,46511,Test,42.53,2018
54,4210653312588692,123451068,16,4,46512,Bills,29.14,2018
81,4210653312588692,123451068,16,12,46513,Bills,85.82,2018
70,4210653312588692,123451068,27,1,46514,Bills,54.67,2018
25,4210653312588692,123451068,22,5,46515,Gas,63.34,2018
50,4210653312588692,123451068,23,10,46516,Entertainment,7.33,2018
36,4210653312588692,123451068,25,5,46517,Bills,61.9,2018
192,4210653312588692,123451068,2,10,46518,Education,65.54,2018
57,4210653352152800,123451041,22,7,46519,Entertainment,92.65,2018
175,4210653352152800,123451041,11,10,46520,Healthcare,11.74,2018
19,4210653352152800,123451041,25,7,46521,Test,35.42,2018
114,4210653352152800,123451041,9,1,46522,Gas,95.93,2018
95,4210653352152800,123451041,3,6,46523,Test,63.43,2018
168,4210653352152800,123451041,16,12,46524,Test,71.7,2018
59,4210653352152800,123451041,19,1,46525,Entertainment,5.49,2018
85,4210653352152800,123451041,18,10,46526,Education,18.9,2018
170,4210653352152800,123451041,18,9,46527,Education,89.01,2018
131,4210653352152800,123451041,22,5,46528,Education,61.85,2018
114,4210653352152800,123451041,13,1,46529,Grocery,9.54,2018
156,4210653352152800,123451041,5,11,46530,Entertainment,50.02,2018
80,4210653352152800,123451041,19,4,46531,Healthcare,74.91,2018
19,4210653352152800,123451041,6,2,46532,Healthcare,30.68,2018
123,4210653352152800,123451041,7,12,46533,Bills,8.89,2018
69,4210653352152800,123451041,8,9,46534,Grocery,24.05,2018
109,4210653352152800,123451041,19,6,46535,Bills,79.94,2018
170,4210653352152800,123451041,20,4,46536,Test,57.42,2018
27,4210653352152800,123451041,28,5,46537,Grocery,2.07,2018
30,4210653352152800,123451041,6,6,46538,Bills,84.41,2018
139,4210653352152800,123451041,2,4,46539,Bills,40.36,2018
63,4210653352152800,123451041,14,12,46540,Grocery,76.73,2018
16,4210653316827505,123451037,8,11,46541,Test,9.18,2018
131,4210653316827505,123451037,5,8,46542,Healthcare,24.4,2018
50,4210653316827505,123451037,7,7,46543,Test,36.12,2018
38,4210653316827505,123451037,17,8,46544,Healthcare,74.58,2018
60,4210653316827505,123451037,9,2,46545,Bills,59.99,2018
40,4210653316827505,123451037,1,9,46546,Test,17.9,2018
45,4210653316827505,123451037,25,5,46547,Bills,30.68,2018
91,4210653316827505,123451037,16,2,46548,Healthcare,33.91,2018
48,4210653316827505,123451037,22,3,46549,Education,33.88,2018
56,4210653316827505,123451037,12,11,46550,Grocery,35.33,2018
25,4210653316827505,123451037,24,9,46551,Healthcare,79.08,2018
105,4210653316827505,123451037,7,6,46552,Grocery,82.7,2018
121,4210653316827505,123451037,4,3,46553,Entertainment,72.42,2018
180,4210653316827505,123451037,16,8,46554,Entertainment,91.03,2018
188,4210653316827505,123451037,22,6,46555,Entertainment,35.82,2018
105,4210653316827505,123451037,22,6,46556,Test,97.07,2018
192,4210653316827505,123451037,16,7,46557,Education,92.44,2018
105,4210653316827505,123451037,3,4,46558,Grocery,93.27,2018
93,4210653316827505,123451037,28,7,46559,Bills,90.81,2018
18,4210653316827505,123451037,4,11,46560,Gas,81.31,2018
118,4210653316827505,123451037,20,8,46561,Healthcare,84.25,2018
18,4210653316827505,123451037,2,3,46562,Bills,68.23,2018
1,4210653316827505,123451037,6,6,46563,Gas,8.97,2018
115,4210653316827505,123451037,23,11,46564,Healthcare,47.0,2018
173,4210653316827505,123451037,28,5,46565,Entertainment,52.9,2018
67,4210653316827505,123451037,19,7,46566,Entertainment,55.07,2018
59,4210653316827505,123451037,7,7,46567,Education,60.45,2018
37,4210653316827505,123451037,26,2,46568,Gas,96.66,2018
46,4210653316827505,123451037,13,4,46569,Grocery,22.14,2018
12,4210653316827505,123451037,23,3,46570,Grocery,19.22,2018
4,4210653316827505,123451037,10,4,46571,Education,42.89,2018
29,4210653316827505,123451037,3,7,46572,Education,11.26,2018
14,4210653316827505,123451037,22,10,46573,Education,59.61,2018
31,4210653316827505,123451037,19,12,46574,Gas,14.42,2018
93,4210653316827505,123451037,12,8,46575,Grocery,55.84,2018
77,4210653316827505,123451037,2,5,46576,Gas,57.95,2018
81,4210653316827505,123451037,3,5,46577,Gas,75.82,2018
12,4210653316827505,123451037,25,4,46578,Gas,82.83,2018
20,4210653316827505,123451037,8,5,46579,Healthcare,34.77,2018
47,4210653375981317,123451012,11,10,46580,Gas,48.09,2018
166,4210653375981317,123451012,20,10,46581,Gas,57.46,2018
73,4210653375981317,123451012,8,12,46582,Test,86.0,2018
67,4210653375981317,123451012,20,2,46583,Entertainment,38.33,2018
145,4210653375981317,123451012,24,6,46584,Test,80.11,2018
3,4210653375981317,123451012,8,10,46585,Bills,66.94,2018
119,4210653375981317,123451012,6,10,46586,Entertainment,26.18,2018
95,4210653375981317,123451012,18,11,46587,Healthcare,1.12,2018
105,4210653375981317,123451012,19,4,46588,Entertainment,21.96,2018
38,4210653375981317,123451012,18,6,46589,Gas,50.61,2018
173,4210653375981317,123451012,6,4,46590,Entertainment,50.69,2018
78,4210653375981317,123451012,23,1,46591,Gas,91.05,2018
10,4210653375981317,123451012,5,8,46592,Healthcare,70.68,2018
5,4210653375981317,123451012,20,7,46593,Healthcare,13.44,2018
104,4210653375981317,123451012,24,10,46594,Test,67.94,2018
168,4210653375981317,123451012,16,11,46595,Bills,26.41,2018
90,4210653375981317,123451012,24,9,46596,Bills,93.4,2018
175,4210653375981317,123451012,4,10,46597,Grocery,77.63,2018
67,4210653375981317,123451012,5,5,46598,Entertainment,15.25,2018
180,4210653375981317,123451012,9,4,46599,Bills,6.85,2018
18,4210653375981317,123451012,5,7,46600,Entertainment,59.24,2018
109,4210653375981317,123451012,6,1,46601,Bills,61.75,2018
70,4210653375981317,123451012,12,5,46602,Education,2.52,2018
35,4210653375981317,123451012,18,4,46603,Entertainment,87.42,2018
22,4210653375981317,123451012,11,1,46604,Healthcare,65.82,2018
60,4210653375981317,123451012,5,8,46605,Education,48.76,2018
23,4210653375981317,123451012,4,9,46606,Bills,35.89,2018
42,4210653375981317,123451012,20,4,46607,Bills,39.34,2018
81,4210653375981317,123451012,26,4,46608,Bills,1.42,2018
16,4210653375981317,123451012,9,5,46609,Gas,49.31,2018
10,4210653375981317,123451012,3,8,46610,Healthcare,60.97,2018
3,4210653375981317,123451012,27,1,46611,Bills,1.81,2018
31,4210653375981317,123451012,3,12,46612,Entertainment,44.48,2018
111,4210653375981317,123451012,28,1,46613,Entertainment,45.48,2018
30,4210653375981317,123451012,6,11,46614,Entertainment,1.08,2018
22,4210653375981317,123451012,4,7,46615,Grocery,79.58,2018
22,4210653375981317,123451012,1,2,46616,Gas,81.9,2018
16,4210653375981317,123451012,24,6,46617,Gas,58.49,2018
115,4210653375981317,123451012,7,11,46618,Grocery,82.38,2018
123,4210653375981317,123451012,5,2,46619,Bills,24.97,2018
12,4210653375981317,123451012,21,6,46620,Test,17.99,2018
56,4210653375981317,123451012,16,10,46621,Entertainment,68.55,2018
18,4210653375981317,123451012,18,2,46622,Grocery,14.77,2018
21,4210653375981317,123451012,11,4,46623,Healthcare,75.93,2018
15,4210653375981317,123451012,17,8,46624,Test,55.96,2018
54,4210653375981317,123451012,22,12,46625,Test,9.71,2018
180,4210653375981317,123451012,25,5,46626,Grocery,57.05,2018
47,4210653375981317,123451012,22,5,46627,Bills,85.83,2018
111,4210653375981317,123451012,26,1,46628,Test,61.49,2018
158,4210653375981317,123451012,20,10,46629,Education,54.17,2018
99,4210653375981317,123451012,7,1,46630,Grocery,18.66,2018
16,4210653375981317,123451012,22,11,46631,Entertainment,75.95,2018
70,4210653375981317,123451012,26,7,46632,Entertainment,94.22,2018
104,4210653375981317,123451012,25,8,46633,Entertainment,77.11,2018
66,4210653375981317,123451012,17,2,46634,Healthcare,10.03,2018
42,4210653375981317,123451012,25,4,46635,Education,82.71,2018
121,4210653375981317,123451012,19,6,46636,Test,51.19,2018
115,4210653375981317,123451012,16,8,46637,Bills,91.45,2018
5,4210653375981317,123451012,23,7,46638,Test,96.34,2018
121,4210653375981317,123451012,5,1,46639,Gas,80.87,2018
52,4210653375981317,123451012,5,12,46640,Grocery,26.01,2018
136,4210653375981317,123451012,8,2,46641,Grocery,64.91,2018
38,4210653375981317,123451012,27,6,46642,Entertainment,62.32,2018
52,4210653375981317,123451012,24,12,46643,Test,84.17,2018
164,4210653375981317,123451012,9,3,46644,Entertainment,5.89,2018
38,4210653375981317,123451012,24,7,46645,Grocery,14.29,2018
67,4210653375981317,123451012,18,6,46646,Grocery,29.52,2018
125,4210653375981317,123451012,19,3,46647,Entertainment,72.49,2018
66,4210653375981317,123451012,26,6,46648,Entertainment,50.49,2018
10,4210653375981317,123451012,22,8,46649,Education,92.12,2018
144,4210653375981317,123451012,9,3,46650,Gas,16.41,2018
91,4210653375981317,123451012,13,11,46651,Test,21.77,2018
100,4210653375981317,123451012,14,2,46652,Grocery,94.74,2018
67,4210653375981317,123451012,25,2,46653,Bills,68.18,2018
111,4210653375981317,123451012,10,7,46654,Gas,76.01,2018
44,4210653375981317,123451012,2,3,46655,Education,21.0,2018
51,4210653375981317,123451012,7,9,46656,Test,81.73,2018
3,4210653375981317,123451012,13,10,46657,Bills,6.0,2018
192,4210653375981317,123451012,13,11,46658,Bills,34.91,2018
28,4210653344660822,123451007,27,9,46659,Entertainment,47.92,2018
44,4210653344660822,123451007,4,8,46660,Grocery,29.01,2018
43,4210653344660822,123451007,6,4,46661,Test,5.59,2018
85,4210653344660822,123451007,7,7,46662,Grocery,33.78,2018
77,4210653344660822,123451007,10,8,46663,Test,51.18,2018
158,4210653344660822,123451007,18,1,46664,Grocery,91.88,2018
170,4210653344660822,123451007,3,12,46665,Gas,13.46,2018
114,4210653344660822,123451007,7,6,46666,Bills,81.7,2018
67,4210653344660822,123451007,20,1,46667,Education,78.21,2018
23,4210653344660822,123451007,15,1,46668,Test,80.81,2018
19,4210653344660822,123451007,19,12,46669,Test,54.47,2018
25,4210653344660822,123451007,23,5,46670,Entertainment,38.01,2018
166,4210653344660822,123451007,28,8,46671,Gas,66.2,2018
49,4210653344660822,123451007,4,6,46672,Gas,50.61,2018
100,4210653344660822,123451007,19,6,46673,Gas,70.18,2018
30,4210653344660822,123451007,7,10,46674,Education,49.34,2018
43,4210653344660822,123451007,4,11,46675,Entertainment,72.05,2018
2,4210653344660822,123451007,18,10,46676,Healthcare,70.01,2018
63,4210653344660822,123451007,17,5,46677,Bills,80.32,2018
69,4210653344660822,123451007,8,7,46678,Gas,63.57,2018
79,4210653344660822,123451007,24,6,46679,Bills,94.14,2018
144,4210653344660822,123451007,24,11,46680,Entertainment,18.54,2018
38,4210653344660822,123451007,27,10,46681,Healthcare,72.78,2018
105,4210653344660822,123451007,12,2,46682,Entertainment,59.06,2018
168,4210653344660822,123451007,28,1,46683,Test,98.14,2018
175,4210653344660822,123451007,22,11,46684,Education,3.25,2018
145,4210653344660822,123451007,18,1,46685,Entertainment,95.08,2018
72,4210653344660822,123451007,24,10,46686,Education,38.35,2018
63,4210653344660822,123451007,22,12,46687,Healthcare,5.56,2018
73,4210653344660822,123451007,14,11,46688,Entertainment,24.99,2018
8,4210653344660822,123451007,19,1,46689,Gas,24.35,2018
49,4210653344660822,123451007,12,9,46690,Gas,66.2,2018
168,4210653344660822,123451007,5,2,46691,Grocery,100.13,2018
104,4210653344660822,123451007,16,12,46692,Test,35.83,2018
32,4210653344660822,123451007,15,1,46693,Entertainment,90.99,2018
45,4210653344660822,123451007,17,11,46694,Healthcare,82.29,2018
